date,code,big400,big1000
20260924,0050,25.91,24.27
20260924,0051,13.84,0.0
20260924,0052,20.85,18.71
20260924,0053,50.21,45.33
20260924,0055,38.58,30.71
20260924,0056,11.41,9.06
20260924,0057,0.0,0.0
20260924,0061,33.27,22.85
20260924,1101,55.1,51.11
20260924,1102,82.08000000000001,79.79
20260924,1103,80.30000000000001,76.76
20260924,1104,73.05,67.45
20260924,1107,99.7,99.7
20260924,1108,78.61,74.77
20260924,1109,79.66,72.97
20260924,1110,94.05,91.42
20260924,1201,63.36,58.53
20260924,1203,90.94,86.76
20260924,1204,45.78,31.8
20260924,1207,77.29,75.31
20260924,1210,65.16,61.14
20260924,1212,44.290000000000006,35.63
20260924,1213,81.16,77.03
20260924,1215,55.99,52.11
20260924,1216,89.56,86.12
20260924,1217,61.870000000000005,54.02
20260924,1218,67.03,62.85
20260924,1219,64.23,59.11
20260924,1220,67.89,60.48
20260924,1221,34.25,25.9
20260924,1224,88.36,82.38
20260924,1225,89.45,86.77
20260924,1227,67.34,64.36
20260924,1228,38.0,12.2
20260924,1229,66.09,63.02
20260924,1231,64.84,63.66
20260924,1232,73.76,72.04
20260924,1233,75.92,68.5
20260924,1234,83.05,74.28
20260924,1235,96.34,95.42
20260924,1236,83.73,78.84
20260924,1238,11.74,8.57
20260924,1240,69.59,49.15
20260924,1256,59.9,47.11
20260924,1259,78.63,71.46
20260924,1260,76.37,70.59
20260924,1264,47.19,24.84
20260924,1268,78.11,72.16
20260924,1269,77.54,72.54
20260924,1271,74.7,64.43
20260924,1293,74.32,42.39
20260924,1294,60.22,44.0
20260924,1295,57.949999999999996,44.94
20260924,1301,75.25,72.55
20260924,1303,85.91,83.28
20260924,1304,61.209999999999994,57.98
20260924,1305,51.910000000000004,48.7
20260924,1306,21.34,19.41
20260924,1307,80.07000000000001,77.28
20260924,1308,53.1,49.93
20260924,1309,46.97,43.92
20260924,1310,31.060000000000002,24.87
20260924,1312,60.43,56.67
20260924,1313,68.69999999999999,64.02
20260924,1314,42.559999999999995,34.12
20260924,1315,81.66,70.44
20260924,1316,41.81999999999999,33.37
20260924,1319,80.03999999999999,75.94
20260924,1321,70.56,53.64
20260924,1323,70.58,61.23
20260924,1324,66.25,60.81
20260924,1325,49.2,44.85
20260924,1326,82.83,80.19
20260924,1333,51.19,43.03
20260924,1336,50.38,38.52
20260924,1337,47.2,39.13
20260924,1338,44.870000000000005,34.24
20260924,1339,75.25,72.45
20260924,1340,35.15,28.15
20260924,1341,83.71,75.97
20260924,1342,57.87,51.25
20260924,1343,66.19,42.18
20260924,1402,89.07,86.96
20260924,1407,35.3,28.88
20260924,1408,20.7,12.54
20260924,1409,61.239999999999995,57.4
20260924,1410,77.07000000000001,68.4
20260924,1413,76.07,69.55
20260924,1414,88.56,82.86
20260924,1416,56.199999999999996,50.33
20260924,1417,57.739999999999995,48.26
20260924,1418,71.69,58.96
20260924,1419,90.98,85.56
20260924,1423,83.3,74.46
20260924,1432,54.839999999999996,53.3
20260924,1434,72.11,68.84
20260924,1435,94.86,93.04
20260924,1436,76.24,72.05
20260924,1437,79.62,67.41
20260924,1438,83.07000000000001,76.81
20260924,1439,85.77,77.19
20260924,1440,78.41,73.49
20260924,1441,100.0,100.0
20260924,1442,86.88,78.59
20260924,1443,89.99000000000001,82.7
20260924,1444,64.23,59.95
20260924,1445,68.61,59.26
20260924,1446,66.48,62.71
20260924,1447,70.18,65.98
20260924,1449,39.75,32.28
20260924,1450,25.83,21.04
20260924,1451,63.78,56.67
20260924,1452,49.75,38.86
20260924,1453,76.39,74.47
20260924,1454,81.6,77.24
20260924,1455,67.17,63.06
20260924,1456,85.49,80.66
20260924,1457,75.17999999999999,68.3
20260924,1458,59.79,51.07
20260924,1459,84.24000000000001,78.4
20260924,1460,72.03,65.23
20260924,1462,46.4,34.47
20260924,1463,81.99,75.22
20260924,1464,61.660000000000004,54.38
20260924,1465,72.09,62.34
20260924,1466,69.26,62.13
20260924,1467,67.37,59.75
20260924,1468,97.54,96.81
20260924,1469,92.35,87.63
20260924,1470,86.22999999999999,70.27
20260924,1471,21.98,17.0
20260924,1472,82.28999999999999,69.47
20260924,1473,72.17999999999999,69.35
20260924,1474,59.040000000000006,53.34
20260924,1475,76.29,69.0
20260924,1476,78.04,71.01
20260924,1477,59.16,50.58
20260924,1480,98.13000000000001,94.48
20260924,1491,59.65,46.3
20260924,1498,48.56,0.0
20260924,1503,73.42,70.62
20260924,1504,70.4,67.7
20260924,1506,77.30999999999999,71.35
20260924,1507,100.0,100.0
20260924,1512,54.05,47.96
20260924,1513,46.17,41.49
20260924,1514,41.26,34.75
20260924,1515,48.78,40.33
20260924,1516,64.82,58.33
20260924,1517,48.58,44.11
20260924,1519,73.88000000000001,68.87
20260924,1521,68.06,66.44
20260924,1522,57.629999999999995,52.55
20260924,1524,38.59,35.53
20260924,1525,89.25,86.5
20260924,1526,38.150000000000006,29.94
20260924,1527,33.620000000000005,29.23
20260924,1528,30.25,28.3
20260924,1529,48.47,44.81
20260924,1530,75.94,70.06
20260924,1531,64.12,53.76
20260924,1532,66.84,58.78
20260924,1533,63.66,52.11
20260924,1534,47.059999999999995,35.44
20260924,1535,75.82000000000001,75.4
20260924,1536,33.449999999999996,27.65
20260924,1537,51.1,43.04
20260924,1538,78.44999999999999,70.77
20260924,1539,61.14,60.51
20260924,1540,34.8,23.21
20260924,1541,83.75999999999999,79.46
20260924,1553,0.0,0.0
20260924,1557,30.57,0.0
20260924,1558,39.43,16.89
20260924,1560,65.97999999999999,48.91
20260924,1563,45.879999999999995,36.5
20260924,1565,17.57,8.4
20260924,1568,64.48,56.15
20260924,1569,55.16,46.68
20260924,1570,55.370000000000005,44.49
20260924,1571,67.23,0.0
20260924,1573,0.0,0.0
20260924,1575,0.0,0.0
20260924,1577,0.0,0.0
20260924,1580,38.46,29.88
20260924,1582,30.88,25.75
20260924,1583,91.25,89.51
20260924,1584,40.87,36.55
20260924,1585,65.75999999999999,46.04
20260924,1586,72.99,61.39
20260924,1587,47.28999999999999,37.91
20260924,1589,28.35,21.0
20260924,1590,72.94,52.95
20260924,1591,19.41,8.04
20260924,1592,26.470000000000002,18.1
20260924,1593,50.05,35.43
20260924,1594,82.82000000000001,75.4
20260924,1595,47.83,36.3
20260924,1597,49.43,36.92
20260924,1598,60.72,52.73
20260924,1599,65.03,56.89
20260924,1601,11.6,6.33
20260924,1602,12.17,9.57
20260924,1603,72.34,68.94
20260924,1604,58.8,52.93
20260924,1605,75.15,72.7
20260924,1606,15.96,9.56
20260924,1608,66.22,63.22
20260924,1609,32.79,28.94
20260924,1611,52.25,43.26
20260924,1612,61.209999999999994,55.3
20260924,1613,57.74,47.38
20260924,1614,83.14,75.52
20260924,1615,80.7,76.81
20260924,1616,60.16,56.62
20260924,1617,75.67,69.13
20260924,1618,57.97,53.43
20260924,1623,77.1,73.47
20260924,1626,69.6,60.15
20260924,1702,58.1,54.96
20260924,1707,50.83,40.57
20260924,1708,39.67,34.9
20260924,1709,70.92,62.12
20260924,1710,62.46,57.28
20260924,1711,44.88,39.5
20260924,1712,56.510000000000005,47.59
20260924,1713,74.63000000000001,68.48
20260924,1714,52.08,46.68
20260924,1717,66.53999999999999,60.73
20260924,1718,52.79,47.87
20260924,1720,64.99000000000001,61.49
20260924,1721,38.76,32.69
20260924,1722,63.309999999999995,57.62
20260924,1723,52.099999999999994,46.48
20260924,1725,94.44,93.1
20260924,1726,85.42,83.56
20260924,1727,68.87,62.27
20260924,1729,91.39,85.84
20260924,1730,57.3,53.73
20260924,1731,55.7,51.75
20260924,1732,46.400000000000006,44.13
20260924,1733,44.129999999999995,31.9
20260924,1734,49.93000000000001,41.7
20260924,1735,78.42999999999999,77.83
20260924,1736,88.71000000000001,83.2
20260924,1737,62.68,58.24
20260924,1742,80.28,72.73
20260924,1748,39.61,36.48
20260924,1752,63.45,58.31
20260924,1760,42.980000000000004,33.89
20260924,1762,45.94,36.1
20260924,1763,100.0,100.0
20260924,1764,100.0,100.0
20260924,1765,100.0,100.0
20260924,1766,100.0,100.0
20260924,1773,73.86999999999999,67.99
20260924,1775,100.0,100.0
20260924,1776,65.81,44.14
20260924,1777,59.87,54.22
20260924,1780,78.5,63.22
20260924,1781,44.87,23.54
20260924,1783,63.910000000000004,56.1
20260924,1784,28.88,18.13
20260924,1785,42.41,36.61
20260924,1786,51.01,44.51
20260924,1788,49.790000000000006,40.09
20260924,1789,76.97999999999999,74.49
20260924,1794,0.0,0.0
20260924,1795,57.42,52.25
20260924,1796,55.76,45.18
20260924,1799,66.28999999999999,64.07
20260924,1802,76.29,74.37
20260924,1805,77.89,70.4
20260924,1806,74.7,70.9
20260924,1807,47.400000000000006,38.24
20260924,1808,80.76,78.61
20260924,1809,48.550000000000004,43.63
20260924,1810,62.01,56.47
20260924,1813,47.730000000000004,33.67
20260924,1814,78.82000000000001,53.7
20260924,1815,51.9,48.41
20260924,1816,94.8,91.94
20260924,1817,64.99,58.35
20260924,1818,75.49,63.87
20260924,1819,84.42,65.69
20260924,1903,81.08000000000001,74.9
20260924,1904,68.47,64.03
20260924,1905,71.16,68.97
20260924,1906,74.3,70.09
20260924,1907,85.58999999999999,82.24
20260924,1909,68.14,63.71
20260924,1918,20.830000000000002,17.85
20260924,2002,52.92,49.13
20260924,2006,81.46,75.3
20260924,2007,76.75,75.66
20260924,2008,92.6,91.27
20260924,2009,58.29,56.17
20260924,2010,69.18,65.06
20260924,2012,84.02,74.58
20260924,2013,79.5,77.34
20260924,2014,50.62,47.83
20260924,2015,88.24000000000001,82.15
20260924,2017,61.629999999999995,57.01
20260924,2020,50.86,44.6
20260924,2022,40.42,37.13
20260924,2023,79.38,77.61
20260924,2024,83.02,80.78
20260924,2025,63.160000000000004,59.38
20260924,2027,77.75,73.69
20260924,2028,83.44,81.3
20260924,2029,71.52,67.78
20260924,2030,55.91,48.61
20260924,2031,58.870000000000005,53.89
20260924,2032,59.900000000000006,49.74
20260924,2033,84.07000000000001,77.4
20260924,2034,51.11,44.57
20260924,2035,96.59,96.12
20260924,2038,53.84,49.52
20260924,2049,69.93,59.82
20260924,2056,93.38,85.71
20260924,2058,26.03,18.55
20260924,2059,65.52,54.62
20260924,2060,87.22,87.22
20260924,2061,47.209999999999994,30.74
20260924,2062,61.69,55.43
20260924,2063,51.63,37.5
20260924,2064,83.08,72.44
20260924,2065,51.29,43.8
20260924,2066,68.62,53.56
20260924,2067,56.54,49.07
20260924,2068,100.0,100.0
20260924,2069,63.55,54.19
20260924,2070,63.09,47.35
20260924,2071,85.22999999999999,73.66
20260924,2072,74.17,71.39
20260924,2073,75.22999999999999,51.62
20260924,2101,64.44,58.33
20260924,2102,81.14,76.87
20260924,2103,59.9,54.98
20260924,2104,46.07,38.37
20260924,2105,80.3,77.31
20260924,2106,79.72999999999999,74.66
20260924,2107,64.4,58.92
20260924,2108,71.10000000000001,65.18
20260924,2109,74.67,66.68
20260924,2113,0.0,0.0
20260924,2114,65.52,59.28
20260924,2115,70.52,58.78
20260924,2201,63.6,60.0
20260924,2204,73.72999999999999,70.63
20260924,2206,85.49000000000001,81.62
20260924,2207,89.74,83.3
20260924,2208,55.34,50.09
20260924,2211,80.46000000000001,77.2
20260924,2221,64.24,64.24
20260924,2226,100.0,100.0
20260924,2227,93.49,93.25
20260924,2228,56.010000000000005,53.88
20260924,2229,41.04,0.0
20260924,2230,45.959999999999994,34.01
20260924,2231,65.54,61.0
20260924,2233,41.62,34.33
20260924,2235,83.99,76.08
20260924,2236,73.51,66.7
20260924,2237,76.89999999999999,70.63
20260924,2239,80.19,78.22
20260924,2241,41.44,29.76
20260924,2243,67.58,53.8
20260924,2245,80.22,66.91
20260924,2246,68.52999999999999,65.07
20260924,2247,76.68,72.7
20260924,2248,78.3,67.58
20260924,2249,70.66,54.22
20260924,2250,51.37,48.97
20260924,2252,80.9,76.08
20260924,2254,93.33999999999999,87.07
20260924,2255,80.28,71.25
20260924,2256,57.42,42.55
20260924,2258,93.9,92.84
20260924,2301,80.64999999999999,74.91
20260924,2302,62.14,56.69
20260924,2303,75.58,72.86
20260924,2305,67.02,63.3
20260924,2308,80.62,73.56
20260924,2312,48.629999999999995,44.22
20260924,2313,58.89,53.47
20260924,2314,11.52,5.51
20260924,2316,64.62,56.43
20260924,2317,69.52,66.85
20260924,2318,27.009999999999998,22.81
20260924,2321,71.42999999999999,67.91
20260924,2323,46.3,39.33
20260924,2324,63.22,59.16
20260924,2326,12.7,6.52
20260924,2327,67.8,63.34
20260924,2328,41.81,37.85
20260924,2329,50.57,46.8
20260924,2330,87.53,84.77
20260924,2331,59.05,54.47
20260924,2332,34.14,28.06
20260924,2333,29.049999999999997,20.38
20260924,2335,35.58,25.39
20260924,2337,40.42,35.74
20260924,2338,44.949999999999996,40.15
20260924,2340,38.61,33.73
20260924,2341,86.94,86.94
20260924,2342,40.22,35.55
20260924,2344,67.75999999999999,64.3
20260924,2345,70.31,56.42
20260924,2347,88.83,85.03
20260924,2348,69.75,65.26
20260924,2349,28.64,21.56
20260924,2351,77.53,67.96
20260924,2352,48.42,43.53
20260924,2353,38.2,33.86
20260924,2354,49.81,46.89
20260924,2355,41.28,33.61
20260924,2356,73.71000000000001,70.51
20260924,2357,74.61999999999999,65.13
20260924,2358,28.009999999999998,24.25
20260924,2359,46.22,38.95
20260924,2360,70.1,52.66
20260924,2361,52.97,47.24
20260924,2362,81.25,77.03
20260924,2363,35.58,31.47
20260924,2364,56.99,51.35
20260924,2365,24.11,19.75
20260924,2367,28.97,25.49
20260924,2368,77.22,68.91
20260924,2369,29.779999999999998,24.58
20260924,2371,48.73,43.98
20260924,2373,87.3,86.24
20260924,2374,25.310000000000002,21.32
20260924,2375,24.13,15.2
20260924,2376,73.68,66.03
20260924,2377,68.55,61.61
20260924,2378,33.79,26.97
20260924,2379,74.1,59.03
20260924,2380,35.88,32.78
20260924,2381,0.0,0.0
20260924,2382,85.22999999999999,81.66
20260924,2383,68.23,55.74
20260924,2384,28.02,20.93
20260924,2385,73.84,68.4
20260924,2387,58.440000000000005,52.59
20260924,2388,71.03,67.81
20260924,2390,38.989999999999995,33.91
20260924,2392,50.339999999999996,45.69
20260924,2393,66.83,59.27
20260924,2395,85.11,77.26
20260924,2396,45.53,37.15
20260924,2397,68.78999999999999,65.46
20260924,2398,36.589999999999996,32.8
20260924,2399,33.09,24.37
20260924,2401,41.39,35.73
20260924,2402,38.01,33.36
20260924,2404,55.519999999999996,40.82
20260924,2405,24.39,19.44
20260924,2406,23.61,16.92
20260924,2407,37.9,27.91
20260924,2408,83.82,81.0
20260924,2409,56.040000000000006,51.7
20260924,2410,36.35,23.71
20260924,2412,79.72,77.99
20260924,2413,55.95,50.78
20260924,2414,59.61,49.75
20260924,2415,64.14,58.53
20260924,2417,42.160000000000004,39.63
20260924,2418,47.82,42.17
20260924,2419,64.86,62.97
20260924,2420,48.64,39.3
20260924,2421,64.11,52.32
20260924,2423,76.22999999999999,69.55
20260924,2424,80.85000000000001,79.18
20260924,2425,47.620000000000005,38.92
20260924,2426,46.559999999999995,40.76
20260924,2427,53.96,49.83
20260924,2428,59.72,52.54
20260924,2429,48.39,42.61
20260924,2430,63.44,57.03
20260924,2431,42.04,36.0
20260924,2432,77.56,72.93
20260924,2433,79.0,77.79
20260924,2434,78.17999999999999,74.38
20260924,2435,32.68,28.75
20260924,2436,26.340000000000003,18.03
20260924,2438,58.44,49.42
20260924,2439,29.9,21.82
20260924,2440,70.27999999999999,67.57
20260924,2441,69.85,64.42
20260924,2442,54.51,48.76
20260924,2443,55.25,45.97
20260924,2444,31.310000000000002,21.87
20260924,2445,15.7,12.45
20260924,2449,64.9,58.92
20260924,2450,76.82,75.97
20260924,2451,70.83,65.47
20260924,2453,48.16,41.48
20260924,2454,74.13,63.85
20260924,2455,54.27,38.49
20260924,2457,29.28,24.93
20260924,2458,56.989999999999995,48.08
20260924,2459,52.900000000000006,41.95
20260924,2460,58.510000000000005,53.78
20260924,2461,45.39,36.57
20260924,2462,56.17,50.29
20260924,2464,47.91,39.9
20260924,2465,41.15,32.32
20260924,2466,87.22,80.89
20260924,2467,69.22999999999999,59.48
20260924,2468,50.660000000000004,50.02
20260924,2471,24.72,6.74
20260924,2472,56.27,46.42
20260924,2474,72.66,68.39
20260924,2475,71.16999999999999,64.6
20260924,2476,68.07000000000001,60.67
20260924,2477,73.89999999999999,66.99
20260924,2478,57.81,46.84
20260924,2479,32.51,25.73
20260924,2480,31.84,18.21
20260924,2481,58.14,51.86
20260924,2482,41.010000000000005,35.02
20260924,2483,63.92,56.27
20260924,2484,25.73,16.62
20260924,2485,23.73,20.75
20260924,2486,35.91,29.11
20260924,2488,52.72,44.68
20260924,2489,29.97,25.8
20260924,2490,21.55,15.55
20260924,2491,73.61,67.25
20260924,2492,63.099999999999994,58.83
20260924,2493,50.33,39.27
20260924,2494,81.48,73.06
20260924,2495,50.97,46.37
20260924,2496,49.56,34.97
20260924,2497,65.46,57.58
20260924,2498,38.99,33.46
20260924,2499,44.19,37.98
20260924,2501,76.92,72.02
20260924,2504,75.17999999999999,70.07
20260924,2505,79.75999999999999,75.3
20260924,2506,76.9,72.2
20260924,2509,69.83,63.89
20260924,2511,80.77,75.38
20260924,2512,34.23,25.06
20260924,2514,88.06,85.08
20260924,2515,60.730000000000004,53.13
20260924,2516,73.3,65.72
20260924,2520,75.25999999999999,71.3
20260924,2521,35.27,25.85
20260924,2523,44.8,36.05
20260924,2524,93.23,91.61
20260924,2525,31.82,20.38
20260924,2527,81.45,76.56
20260924,2528,84.30000000000001,79.01
20260924,2530,85.84,82.05
20260924,2533,38.41,26.18
20260924,2534,72.82000000000001,66.23
20260924,2535,60.89,54.91
20260924,2536,78.16,69.77
20260924,2537,61.48,53.04
20260924,2538,73.76,65.75
20260924,2539,87.34,85.08
20260924,2540,91.25,89.27
20260924,2542,64.47,61.11
20260924,2543,71.26,67.48
20260924,2545,76.86,73.9
20260924,2546,63.269999999999996,59.26
20260924,2547,70.67,64.12
20260924,2548,49.809999999999995,39.12
20260924,2553,18.95,11.19
20260924,2566,0.0,0.0
20260924,2569,83.38000000000001,74.73
20260924,2572,83.39,57.57
20260924,2591,0.0,0.0
20260924,2592,90.42999999999999,82.1
20260924,2596,72.18,61.72
20260924,2597,81.33999999999999,78.07
20260924,2599,66.13,51.87
20260924,2601,31.57,26.17
20260924,2603,75.57,70.47
20260924,2605,55.56999999999999,49.41
20260924,2606,78.77,75.17
20260924,2607,78.17999999999999,71.63
20260924,2608,76.53,71.31
20260924,2609,63.51,60.33
20260924,2610,73.08999999999999,70.24
20260924,2611,48.15,44.15
20260924,2612,76.73,71.83
20260924,2613,56.12,49.61
20260924,2614,46.4,41.16
20260924,2615,89.56,86.75
20260924,2616,45.04,41.0
20260924,2617,65.63,60.25
20260924,2618,82.95,79.72
20260924,2622,0.0,0.0
20260924,2626,0.0,0.0
20260924,2630,63.72,61.69
20260924,2633,86.89,85.14
20260924,2634,48.65,46.47
20260924,2636,44.63,37.78
20260924,2637,84.05,78.69
20260924,2639,99.01,99.01
20260924,2640,73.62,58.17
20260924,2641,28.480000000000004,22.76
20260924,2642,60.38,60.38
20260924,2643,63.97,58.79
20260924,2644,80.05,74.84
20260924,2645,80.95,78.25
20260924,2646,65.29,63.6
20260924,2701,86.36,84.79
20260924,2702,73.71,72.55
20260924,2704,88.83,83.75
20260924,2705,66.7,60.58
20260924,2706,85.49,81.55
20260924,2707,60.92999999999999,54.73
20260924,2712,90.78999999999999,86.86
20260924,2714,0.0,0.0
20260924,2717,0.0,0.0
20260924,2718,88.24,88.24
20260924,2719,90.67,89.18
20260924,2720,61.03,48.9
20260924,2722,87.45,82.28
20260924,2723,69.92,61.77
20260924,2724,84.84,81.39
20260924,2726,65.03999999999999,49.97
20260924,2727,39.49,17.12
20260924,2729,68.1,59.55
20260924,2730,86.67,86.67
20260924,2731,43.83,34.93
20260924,2732,59.22,54.15
20260924,2733,77.51,75.36
20260924,2734,38.99,31.34
20260924,2735,0.0,0.0
20260924,2736,55.949999999999996,46.33
20260924,2738,97.88,94.86
20260924,2739,73.83,69.14
20260924,2740,72.53,72.53
20260924,2741,64.85,48.86
20260924,2743,52.86,50.27
20260924,2745,51.28,51.28
20260924,2748,61.46,59.44
20260924,2749,75.15,33.27
20260924,2750,98.53,88.06
20260924,2751,60.31,60.31
20260924,2752,63.580000000000005,40.59
20260924,2753,54.980000000000004,43.84
20260924,2754,73.13000000000001,66.51
20260924,2755,66.21,58.23
20260924,2756,71.12,53.58
20260924,2758,73.57000000000001,46.27
20260924,2759,100.0,100.0
20260924,2760,89.19,84.47
20260924,2761,57.629999999999995,46.07
20260924,2762,85.45,80.86
20260924,2801,77.71,74.11
20260924,2807,0.0,0.0
20260924,2811,34.55,26.43
20260924,2812,59.32,54.03
20260924,2816,80.94999999999999,75.21
20260924,2820,66.17,62.31
20260924,2825,5.7,0.0
20260924,2827,36.75,29.7
20260924,2831,62.1,57.24
20260924,2832,69.47,63.31
20260924,2834,60.57,54.93
20260924,2836,85.55,82.7
20260924,2838,90.5,88.75
20260924,2841,57.39,50.11
20260924,2845,75.80000000000001,71.26
20260924,2849,98.52000000000001,97.98
20260924,2850,67.95,57.82
20260924,2851,71.46000000000001,66.59
20260924,2852,66.53999999999999,53.79
20260924,2855,77.88000000000001,72.93
20260924,2880,82.08,79.63
20260924,2881,86.8,84.6
20260924,2882,85.9,83.51
20260924,2883,69.23,65.47
20260924,2884,74.45,70.33
20260924,2885,83.08,80.42
20260924,2886,83.42,81.94
20260924,2887,75.61,71.62
20260924,2889,72.03,69.28
20260924,2890,81.25,78.12
20260924,2891,81.95,79.11
20260924,2892,72.37,68.48
20260924,2897,86.62,82.56
20260924,2901,79.13,71.6
20260924,2902,47.86,36.81
20260924,2903,79.97,76.73
20260924,2904,54.27,50.17
20260924,2905,84.36,81.04
20260924,2906,65.12,59.26
20260924,2908,92.33,90.13
20260924,2910,96.61,92.95
20260924,2911,45.989999999999995,40.98
20260924,2912,83.89,79.67
20260924,2913,57.26,50.14
20260924,2915,69.85,64.05
20260924,2916,58.93,51.07
20260924,2920,35.79,35.79
20260924,2923,99.54,99.36
20260924,2924,89.50999999999999,84.08
20260924,2926,74.64,65.2
20260924,2929,32.74,24.98
20260924,2936,99.52,98.55
20260924,2937,84.55,71.58
20260924,2938,69.37,67.54
20260924,2939,76.14,53.88
20260924,2940,58.13,16.94
20260924,2941,66.47,20.62
20260924,2942,90.71000000000001,88.06
20260924,2945,83.48,83.48
20260924,2947,62.81,54.68
20260924,2948,80.37,69.09
20260924,2949,81.77000000000001,62.46
20260924,3001,19.560000000000002,10.82
20260924,3002,64.88,59.19
20260924,3003,60.28,53.33
20260924,3004,58.910000000000004,45.77
20260924,3005,73.71000000000001,68.7
20260924,3006,55.43000000000001,45.13
20260924,3008,55.339999999999996,40.98
20260924,3010,62.88,51.7
20260924,3011,35.97,27.2
20260924,3013,44.49,39.93
20260924,3014,32.89,20.97
20260924,3015,63.809999999999995,54.48
20260924,3016,75.39,71.77
20260924,3017,67.59,54.56
20260924,3018,64.28,62.19
20260924,3019,38.98,32.69
20260924,3020,99.45,99.45
20260924,3021,70.62,65.36
20260924,3022,65.74,60.35
20260924,3023,70.11,56.74
20260924,3024,50.6,37.95
20260924,3025,23.23,12.38
20260924,3026,55.42,36.81
20260924,3027,42.599999999999994,33.48
20260924,3028,42.72,37.68
20260924,3029,42.9,35.21
20260924,3030,57.36,51.18
20260924,3031,60.35,57.42
20260924,3032,52.1,44.39
20260924,3033,39.16,32.11
20260924,3034,71.9,60.15
20260924,3035,31.67,26.84
20260924,3036,82.97,77.76
20260924,3037,78.74,70.86
20260924,3038,41.23,33.3
20260924,3039,33.29,17.71
20260924,3040,68.17999999999999,64.61
20260924,3041,26.94,23.07
20260924,3042,56.64,49.18
20260924,3043,19.69,14.4
20260924,3044,79.99000000000001,69.23
20260924,3045,92.98,90.43
20260924,3046,54.54,46.74
20260924,3047,20.17,14.98
20260924,3048,48.04,41.9
20260924,3049,46.32,43.15
20260924,3050,52.07,42.21
20260924,3051,34.22,25.68
20260924,3052,58.269999999999996,48.01
20260924,3053,54.35,27.94
20260924,3054,88.38,85.16
20260924,3055,66.08,56.01
20260924,3056,34.1,27.47
20260924,3057,34.49,32.89
20260924,3058,21.9,15.12
20260924,3059,23.799999999999997,19.33
20260924,3060,20.14,12.43
20260924,3062,24.21,16.3
20260924,3064,63.47,60.15
20260924,3065,83.62,78.86
20260924,3066,73.57,67.25
20260924,3067,71.33,63.62
20260924,3069,35.56,35.56
20260924,3070,51.25,18.25
20260924,3071,58.54,55.16
20260924,3072,0.0,0.0
20260924,3073,57.730000000000004,37.96
20260924,3075,70.68,70.68
20260924,3076,53.02,53.02
20260924,3077,0.0,0.0
20260924,3078,37.04,28.4
20260924,3079,32.06,19.24
20260924,3081,45.269999999999996,30.15
20260924,3082,0.0,0.0
20260924,3083,56.61,53.1
20260924,3084,0.0,0.0
20260924,3085,89.64,87.92
20260924,3086,85.5,83.02
20260924,3087,97.95,97.95
20260924,3088,48.81,37.29
20260924,3090,61.480000000000004,54.81
20260924,3091,0.0,0.0
20260924,3092,38.0,30.31
20260924,3093,76.17999999999999,71.63
20260924,3094,29.340000000000003,24.76
20260924,3095,54.410000000000004,41.42
20260924,3096,50.209999999999994,38.62
20260924,3097,86.83999999999999,81.35
20260924,3098,0.0,0.0
20260924,3099,37.620000000000005,23.21
20260924,3105,55.69,49.69
20260924,3114,52.92,41.57
20260924,3115,86.25,85.38
20260924,3116,83.52,83.52
20260924,3117,56.120000000000005,42.7
20260924,3118,37.790000000000006,18.51
20260924,3122,26.59,15.85
20260924,3126,44.15,31.93
20260924,3128,31.270000000000003,23.78
20260924,3130,55.419999999999995,49.3
20260924,3131,50.129999999999995,35.29
20260924,3133,63.269999999999996,46.91
20260924,3135,48.51,43.32
20260924,3137,0.0,0.0
20260924,3138,26.17,18.98
20260924,3141,27.66,10.28
20260924,3142,51.28,38.74
20260924,3146,0.0,0.0
20260924,3147,54.79,47.6
20260924,3149,26.130000000000003,19.51
20260924,3150,53.98,46.29
20260924,3151,36.97,26.17
20260924,3152,43.76,28.24
20260924,3158,36.09,23.46
20260924,3159,28.6,20.39
20260924,3161,95.15,82.62
20260924,3162,60.92,55.63
20260924,3163,27.07,17.59
20260924,3164,55.29,40.03
20260924,3166,96.38,94.66
20260924,3167,52.89,41.64
20260924,3168,75.47,66.9
20260924,3169,36.54,28.58
20260924,3171,76.93,71.98
20260924,3176,37.33,30.53
20260924,3177,75.32,60.86
20260924,3178,64.37,61.31
20260924,3179,30.35,16.07
20260924,3184,55.91,47.66
20260924,3185,0.0,0.0
20260924,3186,77.49,77.49
20260924,3188,75.64,68.4
20260924,3189,73.94,68.03
20260924,3190,74.69,71.03
20260924,3191,54.39,47.59
20260924,3192,0.0,0.0
20260924,3193,0.0,0.0
20260924,3194,73.1,53.63
20260924,3196,0.0,0.0
20260924,3202,24.59,19.46
20260924,3205,66.33,61.71
20260924,3206,55.199999999999996,42.69
20260924,3207,37.56,22.48
20260924,3208,46.49,46.49
20260924,3209,42.43,34.32
20260924,3211,49.44,39.19
20260924,3212,0.0,0.0
20260924,3213,28.119999999999997,16.7
20260924,3216,0.0,0.0
20260924,3217,41.9,31.08
20260924,3218,55.53,48.78
20260924,3219,82.66,76.22
20260924,3221,26.04,10.12
20260924,3222,0.0,0.0
20260924,3223,0.0,0.0
20260924,3224,71.94,63.52
20260924,3226,87.66000000000001,71.15
20260924,3227,39.08,25.19
20260924,3228,24.29,19.55
20260924,3229,68.21,67.46
20260924,3230,53.75,46.65
20260924,3231,69.47,65.09
20260924,3232,58.39,43.95
20260924,3233,0.0,0.0
20260924,3234,35.21,26.11
20260924,3236,30.049999999999997,26.49
20260924,3237,0.0,0.0
20260924,3239,94.47,0.0
20260924,3240,99.94,99.94
20260924,3252,79.17,66.59
20260924,3257,43.72,37.1
20260924,3258,10.19,7.58
20260924,3259,70.99,62.64
20260924,3260,34.24,28.41
20260924,3264,72.27,65.14
20260924,3265,68.77000000000001,59.63
20260924,3266,90.47,89.14
20260924,3267,29.55,26.87
20260924,3268,34.64,28.51
20260924,3272,50.29,45.51
20260924,3274,74.43,0.0
20260924,3276,59.59,53.88
20260924,3278,0.0,0.0
20260924,3279,0.0,0.0
20260924,3280,100.0,100.0
20260924,3283,49.64,15.13
20260924,3284,70.07,66.72
20260924,3285,65.23,51.74
20260924,3286,0.0,0.0
20260924,3287,58.55,48.76
20260924,3288,48.2,36.75
20260924,3289,27.01,13.05
20260924,3290,54.56,40.59
20260924,3293,55.7,45.95
20260924,3294,51.75,46.98
20260924,3295,0.0,0.0
20260924,3296,76.96,70.72
20260924,3297,50.46,36.6
20260924,3301,79.22999999999999,70.3
20260924,3302,0.0,0.0
20260924,3303,47.46,35.03
20260924,3304,33.550000000000004,9.88
20260924,3305,42.05,35.71
20260924,3306,48.69,43.14
20260924,3308,61.83,59.07
20260924,3309,77.1,53.91
20260924,3310,82.30000000000001,70.43
20260924,3311,57.74,50.59
20260924,3312,44.47,42.55
20260924,3313,76.27,74.35
20260924,3317,31.87,24.07
20260924,3318,56.800000000000004,41.84
20260924,3320,0.0,0.0
20260924,3321,47.529999999999994,37.66
20260924,3322,34.7,29.32
20260924,3323,20.97,15.5
20260924,3324,60.19,36.37
20260924,3325,30.439999999999998,14.78
20260924,3328,74.85,0.0
20260924,3330,0.0,0.0
20260924,3332,87.0,77.98
20260924,3333,0.0,0.0
20260924,3334,91.53999999999999,89.35
20260924,3338,30.65,22.59
20260924,3339,26.57,13.83
20260924,3342,53.129999999999995,33.08
20260924,3343,44.66,39.29
20260924,3344,32.65,0.0
20260924,3345,95.55000000000001,93.93
20260924,3346,27.05,20.5
20260924,3348,19.86,0.0
20260924,3349,49.89,26.89
20260924,3350,14.05,0.0
20260924,3353,0.0,0.0
20260924,3354,71.7,70.56
20260924,3355,0.0,0.0
20260924,3356,34.5,27.84
20260924,3357,57.36,41.44
20260924,3360,22.59,16.99
20260924,3361,81.55000000000001,68.18
20260924,3362,58.75,49.06
20260924,3363,37.12,28.06
20260924,3364,0.0,0.0
20260924,3366,0.0,0.0
20260924,3369,56.22,54.42
20260924,3370,0.0,0.0
20260924,3371,78.3,78.3
20260924,3372,53.809999999999995,50.98
20260924,3373,26.369999999999997,24.99
20260924,3374,67.77,64.17
20260924,3376,39.769999999999996,27.56
20260924,3377,64.25,35.71
20260924,3379,28.51,24.78
20260924,3380,65.64,63.11
20260924,3381,0.0,0.0
20260924,3383,48.480000000000004,38.5
20260924,3386,100.0,100.0
20260924,3388,37.93,29.65
20260924,3390,31.21,17.95
20260924,3391,66.0,52.44
20260924,3394,0.0,0.0
20260924,3397,0.0,0.0
20260924,3401,0.0,0.0
20260924,3402,30.72,24.52
20260924,3404,0.0,0.0
20260924,3406,60.93,39.78
20260924,3408,0.0,0.0
20260924,3412,84.95,84.95
20260924,3413,46.79,41.98
20260924,3414,0.0,0.0
20260924,3416,56.66,51.58
20260924,3419,31.27,24.06
20260924,3430,33.52,33.52
20260924,3431,51.349999999999994,46.69
20260924,3432,66.5,58.48
20260924,3434,47.1,33.02
20260924,3437,25.4,19.88
20260924,3438,45.120000000000005,43.53
20260924,3441,25.54,11.45
20260924,3443,64.79,51.28
20260924,3444,49.35,38.57
20260924,3447,59.480000000000004,51.2
20260924,3450,43.24,31.32
20260924,3455,31.729999999999997,11.28
20260924,3462,100.0,100.0
20260924,3463,100.0,100.0
20260924,3465,68.03,58.2
20260924,3466,45.81,33.76
20260924,3467,62.379999999999995,55.4
20260924,3469,63.92,42.15
20260924,3471,45.040000000000006,25.6
20260924,3472,58.36,43.84
20260924,3473,76.03,67.92
20260924,3475,0.0,0.0
20260924,3479,39.82,30.26
20260924,3481,37.07,32.42
20260924,3482,44.4,16.87
20260924,3483,21.810000000000002,13.05
20260924,3484,32.37,24.43
20260924,3485,51.37,33.54
20260924,3489,81.58,79.83
20260924,3490,24.77,19.07
20260924,3491,36.519999999999996,22.66
20260924,3492,47.22,41.95
20260924,3494,61.82,56.76
20260924,3496,79.91,70.66
20260924,3497,33.29,23.86
20260924,3498,55.35,48.11
20260924,3499,44.34,41.85
20260924,3501,47.370000000000005,42.49
20260924,3502,34.17,12.4
20260924,3504,66.13,60.57
20260924,3505,87.89,87.89
20260924,3506,19.83,0.0
20260924,3507,87.08000000000001,75.26
20260924,3508,47.75,37.53
20260924,3511,53.61,51.13
20260924,3512,71.88,64.42
20260924,3513,97.03,51.88
20260924,3515,69.14,61.8
20260924,3516,77.96,67.72
20260924,3517,13.89,0.0
20260924,3518,36.29,26.08
20260924,3519,50.830000000000005,46.45
20260924,3520,41.1,28.63
20260924,3521,81.8,78.97
20260924,3522,56.86,50.31
20260924,3523,83.4,78.36
20260924,3524,66.46000000000001,39.39
20260924,3526,44.49,29.46
20260924,3527,26.65,20.06
20260924,3528,69.54,62.6
20260924,3529,53.85,31.34
20260924,3530,57.41,53.68
20260924,3531,80.37,60.81
20260924,3532,90.37,87.97
20260924,3533,61.17999999999999,44.16
20260924,3535,26.36,24.14
20260924,3536,67.9,65.12
20260924,3537,29.45,23.54
20260924,3540,23.52,21.9
20260924,3541,35.93,24.84
20260924,3542,0.0,0.0
20260924,3543,61.83,49.68
20260924,3544,0.0,0.0
20260924,3545,24.98,19.26
20260924,3546,34.59,23.07
20260924,3548,32.71,24.21
20260924,3549,0.0,0.0
20260924,3550,43.940000000000005,32.88
20260924,3551,50.12,34.23
20260924,3552,36.84,32.42
20260924,3554,87.29,87.29
20260924,3555,80.47999999999999,77.74
20260924,3556,16.52,13.67
20260924,3557,61.05,53.32
20260924,3558,51.04,47.07
20260924,3560,74.02,59.92
20260924,3563,50.57,39.11
20260924,3564,60.19,59.07
20260924,3566,73.96,60.69
20260924,3567,18.59,7.93
20260924,3568,72.36,46.71
20260924,3570,54.019999999999996,45.25
20260924,3571,0.0,0.0
20260924,3572,44.74,29.87
20260924,3574,67.92,0.0
20260924,3576,39.59,35.11
20260924,3577,67.22,52.36
20260924,3579,74.14,65.76
20260924,3580,15.24,7.21
20260924,3581,59.14,48.54
20260924,3583,59.650000000000006,46.74
20260924,3584,25.46,18.43
20260924,3585,39.660000000000004,34.96
20260924,3586,51.29,0.0
20260924,3587,31.349999999999998,21.81
20260924,3588,27.459999999999997,18.58
20260924,3591,52.43,45.6
20260924,3592,36.79,24.87
20260924,3593,64.24,50.01
20260924,3594,53.489999999999995,42.11
20260924,3595,30.72,28.89
20260924,3596,69.3,59.88
20260924,3597,64.46,56.91
20260924,3601,52.62,40.76
20260924,3603,71.13,64.91
20260924,3604,0.0,0.0
20260924,3605,69.66,61.62
20260924,3606,77.4,43.23
20260924,3607,32.25,21.49
20260924,3609,52.6,34.35
20260924,3610,78.86999999999999,76.71
20260924,3611,58.29,46.89
20260924,3613,66.67,50.87
20260924,3615,31.409999999999997,24.72
20260924,3616,42.66,25.84
20260924,3617,66.32,52.68
20260924,3619,27.79,15.73
20260924,3622,58.58,55.33
20260924,3623,53.6,48.24
20260924,3624,57.26,50.14
20260924,3625,48.7,37.64
20260924,3627,56.06,50.03
20260924,3628,59.150000000000006,56.02
20260924,3629,86.89,84.01
20260924,3630,54.160000000000004,51.09
20260924,3631,80.25,74.44
20260924,3632,17.2,15.58
20260924,3633,60.69,46.15
20260924,3634,82.97,72.48
20260924,3635,0.0,0.0
20260924,3636,87.18,87.18
20260924,3637,77.46,71.3
20260924,3642,63.39,49.5
20260924,3643,97.95,97.95
20260924,3644,76.25,67.82
20260924,3645,37.59,27.86
20260924,3646,48.81,19.97
20260924,3647,0.0,0.0
20260924,3649,36.51,0.0
20260924,3651,95.9,89.61
20260924,3652,72.28999999999999,67.94
20260924,3653,70.61,64.26
20260924,3656,77.46,75.19
20260924,3657,97.29,86.89
20260924,3659,86.52,78.88
20260924,3661,35.31,9.73
20260924,3662,53.41,48.89
20260924,3663,64.96,61.98
20260924,3664,68.46,66.69
20260924,3665,62.53,45.03
20260924,3666,83.34,80.26
20260924,3669,58.58,54.68
20260924,3671,87.86,72.48
20260924,3672,55.919999999999995,40.16
20260924,3673,41.71,35.99
20260924,3674,71.06,65.86
20260924,3675,58.48,55.16
20260924,3678,52.550000000000004,35.95
20260924,3679,65.87,54.01
20260924,3680,57.58,43.9
20260924,3681,95.08,94.39
20260924,3683,100.0,100.0
20260924,3684,62.43,52.87
20260924,3685,62.21,44.54
20260924,3686,21.85,16.77
20260924,3687,37.330000000000005,32.52
20260924,3689,26.409999999999997,14.12
20260924,3690,89.17,83.95
20260924,3691,59.71,54.18
20260924,3693,52.81,41.76
20260924,3694,57.97,53.65
20260924,3701,72.82,70.63
20260924,3702,83.11,78.02
20260924,3703,72.4,68.23
20260924,3704,64.85,57.96
20260924,3705,69.52000000000001,62.56
20260924,3706,55.34,52.45
20260924,3707,45.3,41.78
20260924,3708,49.07,38.35
20260924,3709,71.93,66.31
20260924,3710,26.0,16.67
20260924,3711,86.98,81.51
20260924,3712,58.0,55.03
20260924,3713,56.59,44.1
20260924,3714,43.75,38.26
20260924,3715,29.64,20.48
20260924,3716,52.82,45.5
20260924,3717,39.67,31.64
20260924,3718,41.78,35.52
20260924,4102,46.47,33.76
20260924,4104,45.27,40.06
20260924,4105,48.230000000000004,39.02
20260924,4106,51.02,46.2
20260924,4107,61.71,51.88
20260924,4108,28.84,23.57
20260924,4109,43.870000000000005,36.1
20260924,4111,42.72,33.16
20260924,4113,74.29,63.67
20260924,4114,44.28,37.26
20260924,4115,75.96,69.74
20260924,4116,54.95,54.95
20260924,4117,54.94,37.83
20260924,4119,47.67,45.06
20260924,4120,71.56,63.89
20260924,4121,49.629999999999995,44.47
20260924,4123,59.38,52.71
20260924,4125,0.0,0.0
20260924,4126,63.099999999999994,55.08
20260924,4127,71.74,65.58
20260924,4128,43.559999999999995,39.55
20260924,4129,60.120000000000005,48.89
20260924,4131,77.3,72.24
20260924,4132,46.629999999999995,38.33
20260924,4133,23.57,18.53
20260924,4135,65.43,44.13
20260924,4136,99.30000000000001,97.87
20260924,4137,51.24,44.39
20260924,4138,51.42,51.42
20260924,4139,68.6,50.01
20260924,4140,0.0,0.0
20260924,4142,40.440000000000005,33.52
20260924,4147,52.36,43.61
20260924,4148,79.17,77.76
20260924,4150,48.540000000000006,34.31
20260924,4151,78.35000000000001,71.12
20260924,4153,76.68,72.11
20260924,4154,76.61,67.1
20260924,4155,43.150000000000006,32.53
20260924,4156,71.88,67.52
20260924,4157,59.36,52.43
20260924,4160,29.63,25.36
20260924,4161,44.56999999999999,26.97
20260924,4162,45.400000000000006,39.42
20260924,4163,70.07000000000001,61.63
20260924,4164,50.75,40.54
20260924,4166,83.03,79.6
20260924,4167,42.330000000000005,34.45
20260924,4168,27.439999999999998,20.95
20260924,4169,54.239999999999995,47.55
20260924,4170,58.5,45.21
20260924,4171,32.71,27.65
20260924,4172,38.68,30.08
20260924,4173,43.05,40.0
20260924,4174,42.46,36.42
20260924,4175,56.05,54.98
20260924,4177,59.03,48.19
20260924,4178,77.78,72.41
20260924,4181,0.0,0.0
20260924,4183,62.79,43.43
20260924,4184,92.03,92.03
20260924,4186,45.82,26.03
20260924,4188,54.19,47.92
20260924,4190,66.67,62.95
20260924,4191,63.05,48.78
20260924,4192,68.36,66.6
20260924,4193,49.26,33.69
20260924,4194,76.72,73.12
20260924,4195,38.89,30.04
20260924,4197,65.48,40.26
20260924,4198,82.26,78.2
20260924,4205,66.37,58.94
20260924,4207,73.23,64.14
20260924,4303,20.130000000000003,14.14
20260924,4304,80.97,74.64
20260924,4305,84.73,74.81
20260924,4306,57.839999999999996,51.69
20260924,4401,62.4,47.07
20260924,4402,66.03999999999999,60.94
20260924,4404,35.81,26.98
20260924,4406,77.73,62.15
20260924,4408,35.78,30.41
20260924,4413,69.31,52.61
20260924,4414,64.1,57.37
20260924,4415,85.04,76.68
20260924,4416,65.85,49.85
20260924,4417,46.010000000000005,38.35
20260924,4419,96.83,95.07
20260924,4420,59.04,54.11
20260924,4424,66.59,62.32
20260924,4426,61.660000000000004,54.21
20260924,4427,87.52,78.71
20260924,4430,64.1,53.29
20260924,4431,70.89,64.19
20260924,4432,55.440000000000005,45.45
20260924,4433,56.25,52.24
20260924,4438,65.78,50.12
20260924,4439,78.32000000000001,69.43
20260924,4440,57.010000000000005,28.87
20260924,4441,70.3,55.42
20260924,4442,74.6,49.36
20260924,4502,70.74000000000001,55.45
20260924,4503,62.79,59.8
20260924,4506,80.67999999999999,74.05
20260924,4510,35.79,29.65
20260924,4513,57.43,53.14
20260924,4522,100.0,100.0
20260924,4523,59.94,52.01
20260924,4526,47.9,41.04
20260924,4527,67.51,61.93
20260924,4528,62.32,58.69
20260924,4529,58.790000000000006,53.99
20260924,4530,71.47,64.46
20260924,4532,70.03,64.87
20260924,4533,36.49,32.21
20260924,4534,40.32,29.58
20260924,4535,76.88,69.7
20260924,4536,55.879999999999995,39.11
20260924,4537,82.02,77.0
20260924,4538,80.75,71.91
20260924,4540,30.19,25.53
20260924,4541,38.07,26.78
20260924,4542,47.599999999999994,20.72
20260924,4543,49.489999999999995,44.76
20260924,4544,67.50999999999999,49.87
20260924,4545,72.38000000000001,69.01
20260924,4546,70.58,60.44
20260924,4547,84.76,72.34
20260924,4548,100.0,100.0
20260924,4549,62.53,58.74
20260924,4550,56.290000000000006,49.24
20260924,4551,79.69,70.03
20260924,4552,50.04,44.28
20260924,4553,87.17,77.28
20260924,4554,58.410000000000004,57.06
20260924,4555,70.51,65.67
20260924,4556,75.14,70.78
20260924,4557,43.129999999999995,27.07
20260924,4558,72.82000000000001,52.09
20260924,4559,87.86,79.9
20260924,4560,86.07,84.16
20260924,4561,58.36,52.18
20260924,4562,52.72,49.92
20260924,4563,54.260000000000005,49.6
20260924,4564,40.010000000000005,33.6
20260924,4565,79.91,66.05
20260924,4566,53.56,48.17
20260924,4568,68.43,62.0
20260924,4569,64.24,52.36
20260924,4570,95.07,87.83
20260924,4571,66.0,55.7
20260924,4572,64.18,61.89
20260924,4573,42.55,28.7
20260924,4575,69.19,53.88
20260924,4576,66.59,59.43
20260924,4577,61.84,55.74
20260924,4578,97.0,92.28
20260924,4580,49.25,37.68
20260924,4581,62.8,46.14
20260924,4582,55.05,43.96
20260924,4583,86.03,82.19
20260924,4584,80.08,69.25
20260924,4585,76.67999999999999,75.3
20260924,4587,88.23,88.23
20260924,4588,50.269999999999996,37.4
20260924,4589,70.52000000000001,47.63
20260924,4590,50.2,35.34
20260924,4609,76.27,64.61
20260924,4702,51.02,46.49
20260924,4703,26.220000000000002,22.67
20260924,4706,82.94,77.56
20260924,4707,70.75999999999999,65.82
20260924,4711,60.0,53.42
20260924,4712,45.989999999999995,43.69
20260924,4714,29.82,22.32
20260924,4716,33.61,24.12
20260924,4717,0.0,0.0
20260924,4720,38.199999999999996,34.22
20260924,4721,33.660000000000004,28.05
20260924,4722,58.83,43.17
20260924,4724,59.5,46.4
20260924,4726,58.03,50.33
20260924,4727,18.79,0.0
20260924,4728,84.36,65.91
20260924,4729,49.94,44.71
20260924,4730,69.86,57.91
20260924,4732,67.1,47.09
20260924,4734,14.950000000000001,0.0
20260924,4735,53.37,42.94
20260924,4736,51.24,44.38
20260924,4737,63.29,49.15
20260924,4738,58.72,54.05
20260924,4739,38.61,31.59
20260924,4741,49.39,40.07
20260924,4743,45.63,41.07
20260924,4744,51.83,35.78
20260924,4745,62.53,53.06
20260924,4746,41.53,31.52
20260924,4747,75.78,65.53
20260924,4749,32.75,23.88
20260924,4752,89.77,87.17
20260924,4754,36.69,28.46
20260924,4755,68.69,64.96
20260924,4758,92.15,84.81
20260924,4760,36.4,34.68
20260924,4762,99.67,97.29
20260924,4763,60.14,56.36
20260924,4764,73.36999999999999,66.96
20260924,4765,55.31,39.21
20260924,4766,69.8,63.04
20260924,4767,62.76,46.87
20260924,4768,34.14,19.49
20260924,4769,100.0,100.0
20260924,4770,67.9,59.7
20260924,4771,59.34,44.45
20260924,4772,48.84,42.02
20260924,4773,94.99000000000001,92.29
20260924,4801,98.69999999999999,97.82
20260924,4802,87.92,85.36
20260924,4803,57.43,55.13
20260924,4804,62.0,54.88
20260924,4805,0.0,0.0
20260924,4806,89.14999999999999,85.88
20260924,4807,68.24,63.32
20260924,4903,42.900000000000006,37.77
20260924,4904,93.58,90.98
20260924,4905,81.71000000000001,63.81
20260924,4906,27.5,20.7
20260924,4907,85.79,83.76
20260924,4908,52.59,42.28
20260924,4909,25.630000000000003,22.69
20260924,4911,58.15,48.05
20260924,4912,53.480000000000004,38.89
20260924,4913,25.75,0.0
20260924,4914,77.03999999999999,61.66
20260924,4915,60.5,51.49
20260924,4916,25.15,21.72
20260924,4917,97.57000000000001,93.2
20260924,4919,61.57,58.06
20260924,4920,93.69,86.74
20260924,4922,25.44,11.8
20260924,4923,37.61,20.33
20260924,4924,71.05,55.97
20260924,4925,49.620000000000005,31.85
20260924,4927,27.830000000000002,17.89
20260924,4929,0.0,0.0
20260924,4930,63.65,58.55
20260924,4931,26.31,12.37
20260924,4932,0.0,0.0
20260924,4933,63.480000000000004,59.88
20260924,4934,34.45,29.25
20260924,4935,62.1,57.74
20260924,4938,79.60000000000001,75.2
20260924,4939,36.28,28.07
20260924,4942,62.309999999999995,54.55
20260924,4943,64.2,53.51
20260924,4946,42.58,42.58
20260924,4949,52.91,41.11
20260924,4950,73.08,68.13
20260924,4951,17.619999999999997,4.48
20260924,4952,52.36,47.79
20260924,4953,46.010000000000005,37.89
20260924,4956,41.129999999999995,35.73
20260924,4958,70.2,64.94
20260924,4960,61.71,56.45
20260924,4961,48.76,38.44
20260924,4962,99.89,99.89
20260924,4963,83.64,82.03
20260924,4965,100.0,100.0
20260924,4966,32.06,19.97
20260924,4967,20.669999999999998,13.87
20260924,4968,15.71,8.85
20260924,4969,55.64,44.91
20260924,4971,42.28,22.04
20260924,4972,50.09,36.92
20260924,4973,22.78,14.23
20260924,4974,42.19,39.73
20260924,4975,96.31,95.92
20260924,4976,30.04,25.62
20260924,4977,16.16,8.43
20260924,4978,82.32,82.32
20260924,4979,45.730000000000004,27.93
20260924,4980,58.12,50.4
20260924,4985,100.0,100.0
20260924,4989,17.07,11.58
20260924,4990,53.41,43.97
20260924,4991,47.019999999999996,35.73
20260924,4992,82.09,76.9
20260924,4994,86.29,80.62
20260924,4995,67.97,52.68
20260924,4996,77.8,65.91
20260924,4997,42.96,17.41
20260924,4999,41.3,27.29
20260924,5006,10.7,8.28
20260924,5007,87.54,84.23
20260924,5009,49.11,43.36
20260924,5011,48.33,38.64
20260924,5013,87.41,81.84
20260924,5014,37.730000000000004,26.84
20260924,5015,52.09,42.22
20260924,5016,65.96,59.94
20260924,5017,0.0,0.0
20260924,5201,56.6,40.04
20260924,5202,52.84,48.6
20260924,5203,43.14,33.11
20260924,5204,18.86,18.86
20260924,5205,75.7,72.67
20260924,5206,85.11,80.84
20260924,5207,38.599999999999994,14.82
20260924,5209,52.53,50.61
20260924,5210,48.84,39.82
20260924,5211,47.96,40.88
20260924,5212,78.4,66.94
20260924,5213,86.94,85.02
20260924,5215,53.370000000000005,42.71
20260924,5216,82.4,57.64
20260924,5220,44.71,19.67
20260924,5221,11.31,0.0
20260924,5222,32.88,24.28
20260924,5223,62.22,54.18
20260924,5225,44.49,37.93
20260924,5226,52.74,31.51
20260924,5227,27.0,18.09
20260924,5228,55.39,44.94
20260924,5229,96.50999999999999,89.3
20260924,5230,26.84,10.27
20260924,5232,99.99,99.99
20260924,5233,85.35000000000001,82.42
20260924,5234,65.09,58.52
20260924,5236,62.46,60.89
20260924,5238,83.48,78.62
20260924,5239,30.080000000000002,16.98
20260924,5240,55.519999999999996,30.32
20260924,5242,72.33,58.63
20260924,5243,56.370000000000005,50.27
20260924,5244,48.39,28.61
20260924,5245,57.980000000000004,39.31
20260924,5246,33.54,21.0
20260924,5247,75.94,68.74
20260924,5248,59.24,56.84
20260924,5250,97.08,97.08
20260924,5251,33.49,29.21
20260924,5253,81.05000000000001,58.2
20260924,5254,75.64999999999999,70.3
20260924,5256,69.00999999999999,61.23
20260924,5257,79.63999999999999,73.71
20260924,5258,50.57,39.36
20260924,5259,82.07000000000001,74.45
20260924,5262,55.989999999999995,31.97
20260924,5263,55.03,41.33
20260924,5265,0.0,0.0
20260924,5267,62.14,46.59
20260924,5269,60.74,54.74
20260924,5271,27.32,16.66
20260924,5272,23.9,10.26
20260924,5274,34.660000000000004,21.71
20260924,5275,30.86,0.0
20260924,5276,88.33000000000001,85.29
20260924,5278,82.92,77.88
20260924,5279,94.52,91.86
20260924,5282,85.81,59.25
20260924,5283,60.989999999999995,52.33
20260924,5284,55.39,48.49
20260924,5285,63.69,51.96
20260924,5286,79.97,69.95
20260924,5287,57.77,45.59
20260924,5288,69.5,59.24
20260924,5289,29.37,18.67
20260924,5291,44.72,18.68
20260924,5292,57.529999999999994,43.66
20260924,5294,0.0,0.0
20260924,5295,85.65,70.39
20260924,5296,36.07,27.36
20260924,5297,18.65,10.26
20260924,5299,51.809999999999995,44.69
20260924,5301,80.22,74.11
20260924,5302,50.73,45.87
20260924,5304,88.1,86.33
20260924,5306,69.89999999999999,64.41
20260924,5307,41.190000000000005,32.2
20260924,5309,34.28,26.96
20260924,5310,57.099999999999994,36.18
20260924,5312,55.76,50.64
20260924,5314,40.949999999999996,36.55
20260924,5315,31.01,21.21
20260924,5321,60.78999999999999,46.23
20260924,5324,81.16,75.25
20260924,5325,33.49,27.55
20260924,5328,39.58,35.46
20260924,5336,0.0,0.0
20260924,5340,59.02,52.13
20260924,5344,75.59,73.54
20260924,5345,78.88,78.88
20260924,5346,37.78,28.36
20260924,5347,84.92,81.43
20260924,5348,53.12,40.79
20260924,5351,37.06,29.4
20260924,5353,54.87,37.82
20260924,5355,70.8,63.82
20260924,5356,43.56999999999999,39.55
20260924,5364,70.36,61.31
20260924,5372,23.669999999999998,12.51
20260924,5376,33.739999999999995,28.33
20260924,5381,55.74,48.85
20260924,5385,23.89,18.19
20260924,5386,36.709999999999994,32.37
20260924,5387,91.32000000000001,90.18
20260924,5388,44.050000000000004,35.02
20260924,5392,35.82,31.93
20260924,5395,0.0,0.0
20260924,5398,58.37,44.19
20260924,5403,47.14,31.26
20260924,5410,33.86,26.6
20260924,5414,59.72,48.11
20260924,5425,35.88,29.42
20260924,5426,56.07,52.77
20260924,5432,54.1,51.4
20260924,5434,55.37,38.4
20260924,5438,75.19999999999999,74.38
20260924,5439,36.0,24.49
20260924,5442,20.66,14.62
20260924,5443,39.44,33.43
20260924,5450,80.96000000000001,79.37
20260924,5452,42.83,38.53
20260924,5455,93.99,89.0
20260924,5457,52.08,45.26
20260924,5460,57.07,38.44
20260924,5464,72.24,58.58
20260924,5465,72.04,68.79
20260924,5467,86.39999999999999,82.8
20260924,5468,65.52,60.6
20260924,5469,72.84,68.34
20260924,5471,26.43,18.44
20260924,5473,0.0,0.0
20260924,5474,56.66,48.5
20260924,5475,22.799999999999997,19.08
20260924,5478,79.22,72.96
20260924,5481,65.14,56.03
20260924,5483,58.75,52.36
20260924,5484,37.96,33.97
20260924,5487,71.39,47.96
20260924,5488,46.7,34.18
20260924,5489,85.4,82.62
20260924,5490,33.57,25.61
20260924,5492,98.67,98.67
20260924,5493,44.760000000000005,25.01
20260924,5497,26.29,15.67
20260924,5498,35.13,29.39
20260924,5501,28.1,24.3
20260924,5505,65.5,50.79
20260924,5506,66.77000000000001,58.45
20260924,5508,69.15,65.86
20260924,5511,68.67,60.07
20260924,5512,61.57,54.9
20260924,5514,92.31,87.59
20260924,5515,71.53,63.24
20260924,5516,70.82,60.51
20260924,5519,57.31999999999999,51.16
20260924,5520,83.78999999999999,73.58
20260924,5521,59.620000000000005,52.64
20260924,5522,88.30000000000001,85.98
20260924,5523,92.53,89.27
20260924,5524,30.78,11.6
20260924,5525,88.42,84.14
20260924,5529,73.8,68.11
20260924,5530,83.27,79.5
20260924,5531,85.69,82.87
20260924,5532,31.03,5.88
20260924,5533,80.77,71.25
20260924,5534,68.49000000000001,58.78
20260924,5536,55.78,35.69
20260924,5538,93.94,92.45
20260924,5541,82.05,76.05
20260924,5543,73.37,50.36
20260924,5546,84.03,76.12
20260924,5547,67.47,58.82
20260924,5548,65.0,58.19
20260924,5601,79.68,47.23
20260924,5603,53.949999999999996,49.76
20260924,5604,67.17,52.84
20260924,5607,76.84,70.36
20260924,5608,30.380000000000003,25.6
20260924,5609,52.97,46.35
20260924,5701,54.099999999999994,49.16
20260924,5702,0.0,0.0
20260924,5703,88.28999999999999,83.83
20260924,5704,83.99000000000001,79.45
20260924,5706,38.190000000000005,34.27
20260924,5810,72.91,69.02
20260924,5848,100.0,100.0
20260924,5859,96.81,96.13
20260924,5863,81.46,77.08
20260924,5864,68.42,60.25
20260924,5867,100.0,100.0
20260924,5871,69.9,64.22
20260924,5876,88.77,83.33
20260924,5878,72.38,54.26
20260924,5880,75.35000000000001,71.43
20260924,5901,77.87,77.87
20260924,5902,85.47999999999999,81.6
20260924,5903,91.42,88.19
20260924,5904,79.4,75.45
20260924,5905,45.98,40.55
20260924,5906,86.25,82.46
20260924,5907,69.05,63.56
20260924,6005,70.63,67.02
20260924,6015,51.29,44.78
20260924,6016,51.6,45.22
20260924,6020,96.91000000000001,96.26
20260924,6021,91.05,87.24
20260924,6023,84.21000000000001,81.06
20260924,6024,69.64999999999999,65.27
20260924,6026,51.7,42.46
20260924,6027,95.66000000000001,93.73
20260924,6028,64.68,50.64
20260924,6030,100.0,100.0
20260924,6031,100.0,100.0
20260924,6035,93.88999999999999,83.85
20260924,6038,100.0,100.0
20260924,6039,100.0,100.0
20260924,6040,100.0,100.0
20260924,6101,88.3,78.82
20260924,6103,90.69,83.83
20260924,6104,19.12,10.97
20260924,6107,40.96,34.7
20260924,6108,56.53,47.97
20260924,6109,49.36,36.6
20260924,6110,18.44,7.19
20260924,6111,45.879999999999995,40.61
20260924,6112,59.160000000000004,55.64
20260924,6113,53.300000000000004,52.17
20260924,6114,72.79,65.48
20260924,6115,60.22,56.04
20260924,6116,43.57,40.93
20260924,6117,55.21,49.93
20260924,6118,57.620000000000005,51.7
20260924,6120,59.01,55.43
20260924,6121,66.44,48.41
20260924,6122,35.33,23.14
20260924,6123,43.88,33.34
20260924,6124,93.75999999999999,92.35
20260924,6125,35.160000000000004,30.69
20260924,6126,37.14,32.56
20260924,6127,22.07,17.76
20260924,6128,60.54,54.75
20260924,6129,16.52,13.59
20260924,6130,65.24,48.98
20260924,6131,41.19,29.63
20260924,6132,35.5,15.68
20260924,6133,51.56999999999999,46.87
20260924,6134,55.22,48.46
20260924,6135,38.5,34.32
20260924,6136,47.129999999999995,34.75
20260924,6137,38.83,26.71
20260924,6138,46.52,33.96
20260924,6139,62.45,51.36
20260924,6140,44.98,34.47
20260924,6141,49.59,39.04
20260924,6142,58.85,51.54
20260924,6143,25.529999999999998,17.65
20260924,6144,89.54,89.54
20260924,6146,54.61,41.84
20260924,6147,64.89,60.65
20260924,6148,36.11,33.68
20260924,6149,39.03,35.09
20260924,6150,16.15,12.01
20260924,6151,35.769999999999996,20.53
20260924,6152,24.53,16.48
20260924,6153,46.76,40.83
20260924,6154,63.37,54.44
20260924,6155,53.89,48.63
20260924,6156,39.52,32.81
20260924,6158,42.09,32.86
20260924,6160,38.76,29.99
20260924,6161,40.89,35.28
20260924,6162,52.0,43.9
20260924,6163,43.98,35.16
20260924,6164,22.68,14.76
20260924,6165,51.58,38.06
20260924,6166,73.89,66.22
20260924,6167,43.88,37.24
20260924,6168,55.98,53.18
20260924,6169,31.11,26.44
20260924,6170,58.01,55.07
20260924,6171,87.06,78.37
20260924,6172,91.42,85.37
20260924,6173,64.64,58.4
20260924,6174,63.059999999999995,56.73
20260924,6175,61.440000000000005,57.95
20260924,6176,42.690000000000005,33.52
20260924,6177,76.01,67.84
20260924,6179,44.24,33.99
20260924,6180,50.949999999999996,46.55
20260924,6181,12.14,7.17
20260924,6182,27.53,23.35
20260924,6183,77.44,71.05
20260924,6184,71.92,67.84
20260924,6185,49.67,37.53
20260924,6186,53.57,48.77
20260924,6187,51.84,31.56
20260924,6188,42.46,36.58
20260924,6189,35.38,24.87
20260924,6190,36.04,26.3
20260924,6191,58.12,53.54
20260924,6192,55.720000000000006,45.52
20260924,6193,61.39,56.69
20260924,6194,57.45,37.09
20260924,6195,54.129999999999995,52.4
20260924,6196,70.95,65.86
20260924,6197,44.11000000000001,36.59
20260924,6198,94.58,93.58
20260924,6199,84.89,77.81
20260924,6201,69.11,61.43
20260924,6202,41.47,35.31
20260924,6203,59.22,52.21
20260924,6204,29.71,25.64
20260924,6205,46.510000000000005,39.45
20260924,6206,54.879999999999995,45.4
20260924,6207,16.87,7.86
20260924,6208,65.48,52.1
20260924,6209,37.69,29.98
20260924,6210,54.11,36.44
20260924,6212,91.83,86.12
20260924,6213,65.78999999999999,58.33
20260924,6214,68.11,60.32
20260924,6215,32.239999999999995,26.4
20260924,6216,38.82,29.95
20260924,6217,23.630000000000003,16.12
20260924,6218,52.2,40.77
20260924,6219,69.83000000000001,67.29
20260924,6220,63.39,53.5
20260924,6221,74.36,72.32
20260924,6222,90.07000000000001,84.51
20260924,6223,50.66,38.55
20260924,6224,41.78,28.28
20260924,6225,51.839999999999996,35.44
20260924,6226,31.11,24.96
20260924,6227,72.00999999999999,67.6
20260924,6228,82.46000000000001,78.04
20260924,6229,35.089999999999996,32.8
20260924,6230,87.81,87.81
20260924,6231,32.9,25.49
20260924,6232,18.79,13.47
20260924,6233,28.46,18.73
20260924,6234,54.33,51.28
20260924,6235,40.93,35.51
20260924,6236,92.73,87.98
20260924,6237,18.82,12.7
20260924,6239,62.77,57.1
20260924,6240,85.51,70.93
20260924,6241,56.69,52.92
20260924,6242,63.71,55.47
20260924,6243,20.71,17.67
20260924,6244,32.13,25.62
20260924,6245,45.56,42.0
20260924,6246,63.0,53.99
20260924,6248,48.89,43.6
20260924,6249,14.82,0.0
20260924,6250,70.88000000000001,67.95
20260924,6252,40.34,0.0
20260924,6253,0.0,0.0
20260924,6254,49.51,36.43
20260924,6256,0.0,0.0
20260924,6257,52.48,42.8
20260924,6258,0.0,0.0
20260924,6259,42.720000000000006,41.09
20260924,6261,40.64,31.63
20260924,6262,28.669999999999998,16.81
20260924,6263,44.120000000000005,40.96
20260924,6264,71.84,67.51
20260924,6265,43.14,36.7
20260924,6266,38.83,31.6
20260924,6267,0.0,0.0
20260924,6268,0.0,0.0
20260924,6269,31.02,24.18
20260924,6270,41.660000000000004,36.56
20260924,6271,49.67,40.8
20260924,6272,50.64,34.8
20260924,6274,63.489999999999995,53.4
20260924,6275,29.65,23.41
20260924,6276,50.95,48.81
20260924,6277,57.41,43.69
20260924,6278,64.58,54.04
20260924,6279,47.79,38.75
20260924,6280,99.95,99.95
20260924,6281,55.86,43.58
20260924,6282,40.63,36.81
20260924,6283,63.19,57.39
20260924,6284,49.12,45.61
20260924,6285,63.050000000000004,56.1
20260924,6287,94.0,93.08
20260924,6289,0.0,0.0
20260924,6290,41.17,29.92
20260924,6291,63.800000000000004,62.85
20260924,6292,46.98,39.72
20260924,6293,0.0,0.0
20260924,6294,37.3,33.46
20260924,6295,22.33,0.0
20260924,6296,0.0,0.0
20260924,6297,99.9,99.9
20260924,6299,98.35,98.35
20260924,6402,64.00999999999999,48.9
20260924,6403,41.54,41.54
20260924,6404,67.10000000000001,63.49
20260924,6405,51.769999999999996,36.91
20260924,6406,58.18,53.35
20260924,6407,37.41,30.2
20260924,6409,66.69,53.34
20260924,6411,34.69,21.78
20260924,6412,77.91000000000001,74.26
20260924,6414,62.370000000000005,48.06
20260924,6415,80.07,65.02
20260924,6416,49.72,38.41
20260924,6417,68.57,54.18
20260924,6418,58.64,52.61
20260924,6419,39.980000000000004,32.17
20260924,6423,40.849999999999994,23.06
20260924,6425,42.27,34.27
20260924,6426,53.730000000000004,38.38
20260924,6427,100.0,100.0
20260924,6428,91.64,89.36
20260924,6429,38.13,11.88
20260924,6431,70.77,65.33
20260924,6432,31.06,16.63
20260924,6434,85.19,83.98
20260924,6435,52.76,48.4
20260924,6436,98.56,98.56
20260924,6437,65.00999999999999,40.87
20260924,6438,33.839999999999996,21.79
20260924,6441,45.19,41.86
20260924,6442,55.53,36.79
20260924,6443,15.36,12.85
20260924,6446,56.4,42.07
20260924,6449,69.52,60.87
20260924,6451,64.61,59.72
20260924,6452,39.230000000000004,30.51
20260924,6453,0.0,0.0
20260924,6455,68.47999999999999,51.48
20260924,6456,54.46,50.32
20260924,6458,65.25,63.74
20260924,6461,60.5,53.67
20260924,6462,31.020000000000003,20.51
20260924,6464,86.17999999999999,79.71
20260924,6465,63.43,55.17
20260924,6467,29.23,21.86
20260924,6468,98.55,98.55
20260924,6469,47.739999999999995,40.83
20260924,6470,41.809999999999995,40.01
20260924,6471,0.0,0.0
20260924,6472,56.48,45.47
20260924,6473,78.02,64.64
20260924,6474,67.25,44.6
20260924,6475,73.13,56.66
20260924,6477,40.83,35.94
20260924,6479,86.78999999999999,79.32
20260924,6481,96.00999999999999,91.6
20260924,6482,67.6,65.78
20260924,6483,43.69,18.76
20260924,6484,100.0,100.0
20260924,6485,24.990000000000002,19.1
20260924,6486,43.980000000000004,40.53
20260924,6488,76.91,71.08
20260924,6489,62.980000000000004,36.92
20260924,6490,70.61999999999999,64.16
20260924,6491,64.61,52.41
20260924,6492,39.120000000000005,33.06
20260924,6493,80.37,80.37
20260924,6494,17.08,5.22
20260924,6495,52.589999999999996,43.12
20260924,6496,65.96000000000001,62.53
20260924,6497,97.19,96.46
20260924,6498,67.5,54.73
20260924,6499,41.94,36.07
20260924,6502,90.96,90.96
20260924,6503,80.41,80.41
20260924,6504,70.75999999999999,64.57
20260924,6505,96.04,95.53
20260924,6506,61.519999999999996,44.03
20260924,6508,63.349999999999994,61.05
20260924,6509,37.26,28.97
20260924,6510,54.9,42.44
20260924,6511,72.03,57.36
20260924,6512,36.02,17.69
20260924,6515,47.32000000000001,35.84
20260924,6516,53.4,43.18
20260924,6517,19.71,17.96
20260924,6518,84.50999999999999,74.1
20260924,6523,63.08,61.69
20260924,6525,68.11,58.82
20260924,6526,81.43,76.68
20260924,6527,45.38,34.39
20260924,6529,71.81,41.45
20260924,6530,14.59,8.93
20260924,6531,65.2,53.35
20260924,6532,35.38,18.46
20260924,6533,21.27,15.55
20260924,6534,84.31,76.76
20260924,6535,64.15,56.02
20260924,6536,58.260000000000005,53.2
20260924,6538,53.67,23.78
20260924,6539,85.23,75.51
20260924,6540,99.05,98.57
20260924,6541,70.73,65.47
20260924,6542,84.72,77.61
20260924,6543,66.39,49.8
20260924,6545,44.15,37.79
20260924,6546,41.39,29.91
20260924,6547,36.72,28.51
20260924,6548,87.62,84.87
20260924,6549,31.46,16.14
20260924,6550,100.0,100.0
20260924,6551,83.69,79.32
20260924,6552,58.37,55.76
20260924,6555,69.53999999999999,64.58
20260924,6556,77.46000000000001,63.68
20260924,6558,41.87,38.61
20260924,6559,52.92,31.62
20260924,6560,42.260000000000005,34.31
20260924,6561,72.84,70.04
20260924,6562,52.76,50.33
20260924,6563,31.5,10.33
20260924,6564,65.07,60.98
20260924,6565,39.9,28.73
20260924,6566,84.51,79.36
20260924,6567,88.53999999999999,80.22
20260924,6568,41.96,29.94
20260924,6569,68.08,60.79
20260924,6570,43.55,29.84
20260924,6572,68.80999999999999,64.99
20260924,6573,64.21,59.22
20260924,6574,79.19,75.44
20260924,6575,54.400000000000006,51.06
20260924,6576,67.67,60.69
20260924,6577,74.66,68.34
20260924,6578,64.45,58.84
20260924,6579,84.47,82.48
20260924,6580,57.739999999999995,44.48
20260924,6581,90.07,86.88
20260924,6582,74.25999999999999,71.21
20260924,6583,82.44,53.46
20260924,6584,74.50999999999999,62.69
20260924,6585,75.96000000000001,72.39
20260924,6586,62.3,56.11
20260924,6587,100.0,100.0
20260924,6588,23.84,18.13
20260924,6589,58.379999999999995,51.37
20260924,6590,56.86,28.77
20260924,6591,25.369999999999997,20.08
20260924,6592,79.76,75.68
20260924,6593,46.0,29.86
20260924,6595,80.57,57.3
20260924,6596,26.65,22.73
20260924,6597,81.27000000000001,72.45
20260924,6598,52.83,37.25
20260924,6599,76.44,71.03
20260924,6601,86.86999999999999,84.46
20260924,6602,0.0,0.0
20260924,6603,53.92,38.26
20260924,6604,84.05999999999999,78.32
20260924,6605,66.96,58.43
20260924,6606,70.66,61.07
20260924,6607,81.0,76.22
20260924,6608,96.78,93.72
20260924,6609,58.839999999999996,55.79
20260924,6610,81.32,78.99
20260924,6611,91.68,91.68
20260924,6612,65.69,48.6
20260924,6613,59.440000000000005,55.52
20260924,6614,74.21,73.63
20260924,6615,51.510000000000005,35.88
20260924,6616,62.16,53.92
20260924,6617,67.26,59.79
20260924,6618,27.64,14.16
20260924,6620,62.25,50.58
20260924,6621,36.89,23.52
20260924,6622,65.49000000000001,53.38
20260924,6624,74.15,59.54
20260924,6625,49.63,44.07
20260924,6626,77.35,59.56
20260924,6627,77.55,65.81
20260924,6629,84.24000000000001,80.01
20260924,6633,95.66,95.66
20260924,6634,66.18,51.25
20260924,6635,100.0,100.0
20260924,6637,59.22,53.8
20260924,6638,70.5,56.74
20260924,6639,70.06,58.98
20260924,6640,65.67,63.77
20260924,6641,60.25,49.83
20260924,6642,57.67,46.24
20260924,6643,37.05,33.36
20260924,6645,43.82,26.16
20260924,6648,68.03,54.02
20260924,6649,53.51,35.26
20260924,6650,80.17,61.87
20260924,6651,51.72,32.41
20260924,6652,79.07,69.5
20260924,6653,95.45,95.45
20260924,6654,79.29,71.17
20260924,6655,86.13,76.45
20260924,6656,90.33000000000001,82.4
20260924,6657,35.43,21.76
20260924,6658,43.269999999999996,31.5
20260924,6659,80.75,70.68
20260924,6660,100.0,100.0
20260924,6661,66.1,61.91
20260924,6662,47.67,40.18
20260924,6664,54.95,36.54
20260924,6665,65.83,59.37
20260924,6666,78.82,77.96
20260924,6667,48.72,44.14
20260924,6668,54.730000000000004,51.39
20260924,6669,62.83,53.51
20260924,6670,78.63,65.64
20260924,6671,75.16,56.6
20260924,6672,33.64,20.72
20260924,6673,30.57,25.42
20260924,6674,83.44,78.37
20260924,6676,61.51,55.07
20260924,6677,63.97,57.04
20260924,6679,53.83,43.86
20260924,6680,71.58,63.64
20260924,6681,0.0,0.0
20260924,6682,53.08,47.69
20260924,6683,20.64,11.24
20260924,6684,36.78,31.51
20260924,6688,73.88,49.8
20260924,6689,48.97,33.92
20260924,6690,59.71,59.71
20260924,6691,67.92,57.07
20260924,6692,71.76,61.92
20260924,6693,42.480000000000004,31.39
20260924,6695,50.07,45.33
20260924,6696,63.42,52.22
20260924,6697,66.75,61.11
20260924,6698,38.34,31.07
20260924,6699,85.49,75.24
20260924,6701,97.98,97.98
20260924,6702,79.72999999999999,75.46
20260924,6703,51.269999999999996,38.72
20260924,6704,44.82,32.36
20260924,6705,73.6,54.99
20260924,6706,24.67,15.36
20260924,6707,80.07000000000001,71.73
20260924,6708,53.59,42.81
20260924,6709,64.3,53.13
20260924,6712,39.79,31.09
20260924,6713,60.25,37.76
20260924,6715,76.53,65.62
20260924,6716,35.81,22.18
20260924,6717,75.04,56.28
20260924,6719,48.83,43.05
20260924,6720,57.86,25.49
20260924,6721,50.550000000000004,37.77
20260924,6722,76.78999999999999,74.1
20260924,6723,58.68,42.18
20260924,6724,62.32,62.32
20260924,6725,64.52,58.66
20260924,6726,100.0,100.0
20260924,6727,23.31,4.47
20260924,6728,63.32,59.01
20260924,6729,47.9,31.19
20260924,6730,74.33,60.56
20260924,6731,99.44,99.44
20260924,6732,49.42,46.31
20260924,6733,48.71,40.25
20260924,6734,59.519999999999996,46.05
20260924,6735,48.59,35.59
20260924,6736,93.39,93.39
20260924,6737,80.84,76.41
20260924,6738,66.75,46.01
20260924,6739,57.36,48.11
20260924,6741,70.36,58.16
20260924,6742,34.400000000000006,25.94
20260924,6743,64.83,58.17
20260924,6744,65.84,52.96
20260924,6746,99.59,97.59
20260924,6748,35.22,26.79
20260924,6749,100.0,100.0
20260924,6750,59.17,40.28
20260924,6751,64.76,56.93
20260924,6752,47.760000000000005,21.07
20260924,6753,58.18,50.48
20260924,6754,83.08999999999999,81.35
20260924,6755,53.730000000000004,40.99
20260924,6756,62.39,58.12
20260924,6757,75.07,72.55
20260924,6758,81.83,74.89
20260924,6760,100.0,100.0
20260924,6761,39.019999999999996,29.93
20260924,6762,77.6,61.86
20260924,6763,61.5,57.3
20260924,6764,98.27,98.27
20260924,6767,59.33,51.86
20260924,6768,81.84,76.25
20260924,6770,49.230000000000004,44.67
20260924,6771,43.33,18.13
20260924,6772,98.74,96.66
20260924,6775,62.65,56.44
20260924,6776,66.67,61.35
20260924,6778,100.0,100.0
20260924,6779,100.0,100.0
20260924,6780,83.46,53.41
20260924,6781,70.55,67.7
20260924,6782,51.46,35.39
20260924,6784,51.19,30.34
20260924,6785,60.9,54.47
20260924,6786,9.05,0.0
20260924,6787,24.61,9.84
20260924,6788,21.84,14.22
20260924,6789,72.52,68.83
20260924,6790,78.57,75.33
20260924,6791,74.26,56.02
20260924,6792,53.89,48.08
20260924,6793,39.12,22.4
20260924,6794,78.55,67.16
20260924,6796,47.42,33.96
20260924,6797,48.83,29.99
20260924,6798,73.39,55.68
20260924,6799,32.260000000000005,21.07
20260924,6803,56.300000000000004,54.28
20260924,6804,64.6,47.17
20260924,6805,62.879999999999995,52.19
20260924,6806,60.24,58.45
20260924,6807,81.41,73.55
20260924,6808,54.269999999999996,44.18
20260924,6810,35.37,21.39
20260924,6811,66.83,61.93
20260924,6812,40.989999999999995,26.29
20260924,6813,62.5,48.86
20260924,6814,82.81,73.55
20260924,6815,67.19,49.84
20260924,6816,70.99,61.98
20260924,6817,54.89,54.89
20260924,6818,66.49,55.9
20260924,6819,56.06,40.84
20260924,6820,71.82,71.82
20260924,6821,51.97,39.68
20260924,6822,100.0,100.0
20260924,6823,58.89,54.97
20260924,6824,100.0,100.0
20260924,6825,76.95,65.89
20260924,6826,74.74,68.07
20260924,6827,62.16,49.26
20260924,6829,66.11,63.0
20260924,6830,29.23,16.3
20260924,6831,56.54,36.33
20260924,6832,86.12,82.84
20260924,6833,85.78999999999999,79.3
20260924,6834,60.93,48.6
20260924,6835,78.75999999999999,68.83
20260924,6837,59.15,41.11
20260924,6838,61.41,54.11
20260924,6839,80.64,74.33
20260924,6840,54.02,37.34
20260924,6841,47.53,37.03
20260924,6842,39.34,31.73
20260924,6843,76.75,55.9
20260924,6844,63.45,55.96
20260924,6846,66.78,64.19
20260924,6847,55.89,19.67
20260924,6848,52.95,29.84
20260924,6849,48.08,37.37
20260924,6850,60.75,41.06
20260924,6851,100.0,100.0
20260924,6854,65.12,54.65
20260924,6855,61.33,41.79
20260924,6856,83.68,74.34
20260924,6857,94.62,94.62
20260924,6858,89.89,82.2
20260924,6859,64.44,55.88
20260924,6861,49.519999999999996,48.55
20260924,6862,69.86,68.91
20260924,6863,75.42999999999999,72.27
20260924,6864,37.120000000000005,12.23
20260924,6865,50.68,36.26
20260924,6866,99.73,99.73
20260924,6867,86.46000000000001,78.62
20260924,6868,55.37,27.27
20260924,6869,55.01,45.86
20260924,6870,72.96,59.79
20260924,6872,57.53999999999999,42.87
20260924,6873,61.29,53.94
20260924,6874,53.599999999999994,39.58
20260924,6875,60.989999999999995,51.55
20260924,6876,31.68,16.73
20260924,6877,74.49,58.97
20260924,6878,88.92999999999999,84.69
20260924,6879,89.17,80.25
20260924,6881,57.92,49.96
20260924,6882,59.15,31.49
20260924,6883,87.72,80.38
20260924,6884,73.00999999999999,69.21
20260924,6885,35.29,23.3
20260924,6886,90.03,84.94
20260924,6887,91.81,82.02
20260924,6890,92.24,91.97
20260924,6891,76.97,73.7
20260924,6892,56.769999999999996,36.89
20260924,6894,60.94,55.03
20260924,6895,61.050000000000004,50.99
20260924,6897,100.0,100.0
20260924,6898,59.190000000000005,45.84
20260924,6899,80.03,61.26
20260924,6901,82.5,80.64
20260924,6902,68.13,57.16
20260924,6903,68.08000000000001,65.51
20260924,6904,79.9,64.36
20260924,6905,100.0,100.0
20260924,6906,57.92,47.82
20260924,6907,65.14999999999999,62.26
20260924,6908,77.71,77.71
20260924,6909,38.25,22.31
20260924,6910,57.09,49.59
20260924,6911,61.879999999999995,44.33
20260924,6912,79.58999999999999,73.07
20260924,6913,54.89,42.24
20260924,6914,72.14,67.03
20260924,6915,88.44,84.8
20260924,6916,78.98,72.7
20260924,6917,43.04,28.6
20260924,6918,48.97,27.67
20260924,6919,72.94,66.67
20260924,6920,63.02,56.84
20260924,6921,78.02,75.17
20260924,6922,62.9,56.68
20260924,6923,69.74,55.29
20260924,6924,82.21,73.08
20260924,6925,58.019999999999996,41.69
20260924,6926,80.75,60.92
20260924,6927,67.9,52.74
20260924,6928,79.69,76.07
20260924,6929,89.6,86.91
20260924,6930,100.0,100.0
20260924,6931,70.04,49.74
20260924,6932,80.43,74.51
20260924,6933,65.43,62.75
20260924,6934,65.05,57.46
20260924,6935,82.34,72.81
20260924,6936,76.19999999999999,64.77
20260924,6937,64.03,54.6
20260924,6938,67.01,54.14
20260924,6939,63.07,56.07
20260924,6940,54.3,39.87
20260924,6942,100.0,100.0
20260924,6943,100.0,100.0
20260924,6944,55.31999999999999,36.3
20260924,6945,63.43000000000001,53.56
20260924,6946,93.88,90.81
20260924,6947,70.23,60.13
20260924,6949,92.88,89.33
20260924,6950,95.78,89.68
20260924,6951,66.23,63.9
20260924,6952,86.9,79.97
20260924,6953,63.56,56.2
20260924,6954,100.0,100.0
20260924,6955,60.3,49.64
20260924,6957,71.22999999999999,53.48
20260924,6958,94.15,93.51
20260924,6959,40.760000000000005,33.17
20260924,6961,44.480000000000004,33.34
20260924,6962,52.589999999999996,46.65
20260924,6963,87.94999999999999,85.35
20260924,6965,92.5,91.02
20260924,6967,65.44,39.25
20260924,6968,58.99,44.13
20260924,6969,53.620000000000005,40.67
20260924,6971,73.78,61.37
20260924,6972,83.82,63.73
20260924,6973,67.81,41.45
20260924,6976,80.48,73.84
20260924,6977,39.129999999999995,15.91
20260924,6978,98.31,98.31
20260924,6979,59.53,39.6
20260924,6980,77.23,72.36
20260924,6982,65.06,53.59
20260924,6983,43.489999999999995,16.01
20260924,6984,56.57,27.71
20260924,6985,100.0,100.0
20260924,6986,49.33,36.71
20260924,6987,90.64,87.03
20260924,6988,77.53,64.93
20260924,6990,82.01,76.0
20260924,6991,100.0,100.0
20260924,6992,72.89,43.34
20260924,6993,100.0,100.0
20260924,6994,45.04,37.01
20260924,6995,45.64,28.93
20260924,6996,60.24,55.68
20260924,6997,82.25999999999999,77.74
20260924,6999,77.33,57.3
20260924,7402,34.35,26.96
20260924,7415,61.64,33.05
20260924,7418,96.13,85.31
20260924,7419,49.32,39.37
20260924,7421,0.0,0.0
20260924,7422,82.48,78.47
20260924,7426,100.0,100.0
20260924,7427,30.97,19.64
20260924,7443,82.47,73.22
20260924,7452,87.89,87.89
20260924,7455,82.75,73.87
20260924,7507,78.24000000000001,70.2
20260924,7516,36.6,14.79
20260924,7530,53.74,45.99
20260924,7547,73.11,66.12
20260924,7551,56.65,42.93
20260924,7555,87.67,86.14
20260924,7556,64.38,54.58
20260924,7558,52.349999999999994,22.49
20260924,7561,60.629999999999995,55.15
20260924,7562,76.4,63.04
20260924,7566,66.93,55.02
20260924,7570,100.0,100.0
20260924,7575,52.099999999999994,32.69
20260924,7578,64.56,44.44
20260924,7583,88.3,72.97
20260924,7584,71.28999999999999,51.83
20260924,7590,82.0,77.3
20260924,7595,72.13,45.91
20260924,7607,71.97,62.37
20260924,7610,49.68,37.24
20260924,7631,71.63,52.59
20260924,7642,80.03,78.35
20260924,7660,100.0,100.0
20260924,7669,32.82,4.94
20260924,7686,87.89999999999999,85.94
20260924,7689,84.52,81.71
20260924,7702,92.72,87.95
20260924,7703,59.15,46.66
20260924,7704,59.62,42.11
20260924,7705,68.85,61.81
20260924,7706,91.29,91.29
20260924,7707,46.440000000000005,39.81
20260924,7708,63.6,61.96
20260924,7709,79.43,77.39
20260924,7710,98.82000000000001,97.54
20260924,7711,61.15,52.68
20260924,7712,54.91,35.55
20260924,7713,84.76,78.28
20260924,7714,66.63,47.95
20260924,7715,56.05,39.76
20260924,7716,82.59,66.13
20260924,7717,51.21,35.38
20260924,7718,78.19,65.82
20260924,7719,20.740000000000002,11.32
20260924,7720,100.0,100.0
20260924,7721,60.76,52.76
20260924,7722,84.97999999999999,83.63
20260924,7723,56.43,47.21
20260924,7724,84.32,70.86
20260924,7725,84.26,79.67
20260924,7726,87.24000000000001,80.37
20260924,7728,57.12,45.73
20260924,7729,57.53,45.13
20260924,7730,70.05,60.77
20260924,7731,71.93,67.4
20260924,7732,88.81,82.88
20260924,7734,71.73,67.31
20260924,7735,92.95,87.5
20260924,7736,84.74000000000001,76.73
20260924,7737,77.83,56.78
20260924,7738,57.7,32.17
20260924,7740,64.92,53.58
20260924,7742,68.98,65.0
20260924,7743,74.67,57.39
20260924,7744,75.47,61.78
20260924,7745,71.13,56.71
20260924,7746,95.50999999999999,92.41
20260924,7747,79.94999999999999,76.63
20260924,7748,68.37,50.07
20260924,7749,45.69,28.12
20260924,7750,75.12,61.59
20260924,7751,46.660000000000004,36.95
20260924,7752,86.13000000000001,82.18
20260924,7753,74.15,65.34
20260924,7754,69.2,56.27
20260924,7756,70.79,59.42
20260924,7757,59.28,40.98
20260924,7758,83.39,80.08
20260924,7759,80.67,73.27
20260924,7760,65.32,50.08
20260924,7761,49.34,34.25
20260924,7762,55.34,39.54
20260924,7763,82.08000000000001,76.51
20260924,7764,81.47,68.91
20260924,7765,59.37,56.68
20260924,7767,71.63,55.72
20260924,7768,64.18,55.54
20260924,7769,67.03,57.2
20260924,7770,74.25999999999999,62.44
20260924,7771,80.09,75.7
20260924,7772,56.38,52.82
20260924,7773,57.64,42.81
20260924,7775,100.0,100.0
20260924,7776,74.5,63.72
20260924,7777,63.84,59.53
20260924,7779,66.94999999999999,56.73
20260924,7780,75.61,73.53
20260924,7781,72.94,68.97
20260924,7782,76.06,65.8
20260924,7783,91.81,89.52
20260924,7784,87.32000000000001,82.03
20260924,7785,85.55,72.06
20260924,7786,82.51,77.81
20260924,7788,68.36,56.11
20260924,7789,71.35,42.63
20260924,7790,70.29,32.02
20260924,7791,80.08,70.07
20260924,7792,70.42,61.93
20260924,7793,100.0,100.0
20260924,7794,81.49,71.58
20260924,7795,70.03,64.99
20260924,7796,57.01,45.47
20260924,7797,79.28999999999999,62.68
20260924,7798,94.74,88.66
20260924,7799,79.66,69.8
20260924,7801,69.64,66.58
20260924,7803,79.33,70.37
20260924,7805,73.11,68.01
20260924,7806,77.28999999999999,58.33
20260924,7808,77.96,76.94
20260924,7810,46.800000000000004,36.34
20260924,7811,73.35,65.17
20260924,7812,58.35,50.04
20260924,7813,42.31,27.14
20260924,7814,77.67999999999999,71.66
20260924,7815,60.39,50.32
20260924,7816,79.41999999999999,71.85
20260924,7817,100.0,100.0
20260924,7818,90.14,89.0
20260924,7819,59.14,55.4
20260924,7820,77.0,66.08
20260924,7821,78.62,72.22
20260924,7822,68.19,63.73
20260924,7823,72.56,62.3
20260924,7824,79.91,67.23
20260924,7825,40.28,24.81
20260924,7826,84.38,60.74
20260924,7827,79.12,74.06
20260924,7828,64.89,53.49
20260924,7829,82.86000000000001,70.79
20260924,7830,100.0,100.0
20260924,7831,74.55,56.06
20260924,7832,92.65,87.64
20260924,7833,73.61,57.22
20260924,7834,75.03,61.04
20260924,7835,69.60000000000001,55.34
20260924,7836,71.07,61.53
20260924,7837,74.9,67.76
20260924,7839,72.5,55.95
20260924,7840,89.53999999999999,76.24
20260924,7841,77.83,66.55
20260924,7842,69.17999999999999,62.3
20260924,7843,67.64,61.47
20260924,7844,100.0,100.0
20260924,7846,84.01,75.12
20260924,7847,63.09,43.49
20260924,7848,72.89,51.35
20260924,7849,95.78,95.78
20260924,7850,70.56,54.14
20260924,7851,83.47999999999999,74.19
20260924,7853,27.9,19.13
20260924,7854,89.32,79.77
20260924,7855,76.23,73.39
20260924,7856,61.33,50.3
20260924,7857,83.46,75.88
20260924,7858,48.519999999999996,30.41
20260924,7859,100.0,100.0
20260924,7860,94.61999999999999,89.35
20260924,7861,77.23,66.9
20260924,7862,87.05,84.22
20260924,7863,98.41,96.02
20260924,7864,100.0,100.0
20260924,7865,61.92,35.32
20260924,7866,61.41,45.71
20260924,7867,95.13,83.91
20260924,7868,57.39,40.21
20260924,7869,88.66,86.3
20260924,7870,76.09,49.15
20260924,7871,54.29,48.51
20260924,7872,65.06,61.32
20260924,7873,85.17,76.08
20260924,7875,96.46,96.46
20260924,7876,83.69999999999999,74.74
20260924,7877,71.89,57.48
20260924,7878,47.17,27.53
20260924,7879,62.05,49.61
20260924,7880,66.45,34.52
20260924,7881,84.10000000000001,82.23
20260924,7882,83.49,78.0
20260924,7883,71.29,58.53
20260924,7884,100.0,100.0
20260924,7885,76.53999999999999,57.39
20260924,7886,65.28,43.14
20260924,7887,42.86,28.9
20260924,7888,80.94,61.89
20260924,7889,83.85,45.61
20260924,7890,86.06,65.96
20260924,7891,56.46,53.57
20260924,7892,75.07,62.98
20260924,7893,86.15,80.01
20260924,7894,54.269999999999996,38.97
20260924,7895,73.06,65.58
20260924,7896,86.61999999999999,80.82
20260924,7897,98.36,98.36
20260924,7898,69.21,64.0
20260924,7899,41.85,11.46
20260924,7901,84.23,75.08
20260924,7902,89.32,85.66
20260924,7904,92.47,85.92
20260924,7906,100.0,100.0
20260924,7907,75.22999999999999,65.44
20260924,7909,83.27000000000001,77.54
20260924,7911,63.09,48.59
20260924,7912,79.29,72.28
20260924,7913,90.38000000000001,86.43
20260924,7914,94.85,93.77
20260924,7915,86.14999999999999,70.85
20260924,7916,100.0,100.0
20260924,7917,80.03999999999999,70.05
20260924,7918,79.72999999999999,77.07
20260924,7919,50.06,42.07
20260924,7920,88.75999999999999,79.46
20260924,7921,83.85000000000001,75.79
20260924,7922,95.56,94.08
20260924,7924,81.42999999999999,74.55
20260924,7925,89.65,72.3
20260924,7926,73.49000000000001,59.45
20260924,7927,70.14,41.76
20260924,7928,72.28,58.33
20260924,7929,81.59,61.84
20260924,7930,67.77000000000001,58.84
20260924,7931,96.2,84.9
20260924,7932,58.879999999999995,40.15
20260924,7933,86.69,72.02
20260924,7934,55.56,26.81
20260924,7935,82.84,63.62
20260924,7936,67.81,64.05
20260924,7939,74.62,71.08
20260924,7942,82.33,77.31
20260924,7943,73.63,57.2
20260924,7944,85.75,72.44
20260924,7945,71.73,58.25
20260924,7947,81.62,74.59
20260924,7949,97.4,97.4
20260924,7950,95.34,95.34
20260924,7952,100.0,100.0
20260924,8002,0.0,0.0
20260924,8009,0.0,0.0
20260924,8010,46.01,20.25
20260924,8011,31.779999999999998,24.99
20260924,8012,93.02,93.02
20260924,8014,37.88,37.88
20260924,8015,29.54,0.0
20260924,8016,44.92,29.23
20260924,8018,21.62,0.0
20260924,8019,93.81,90.33
20260924,8020,59.32,32.36
20260924,8021,49.190000000000005,38.38
20260924,8022,70.18,70.18
20260924,8023,0.0,0.0
20260924,8024,29.88,18.86
20260924,8026,0.0,0.0
20260924,8027,26.77,16.73
20260924,8028,48.07000000000001,35.77
20260924,8029,75.2,62.69
20260924,8030,0.0,0.0
20260924,8031,25.57,25.57
20260924,8032,75.96,74.21
20260924,8033,25.91,17.16
20260924,8034,18.4,8.72
20260924,8035,44.2,17.91
20260924,8036,20.62,20.62
20260924,8037,0.0,0.0
20260924,8038,21.229999999999997,15.03
20260924,8039,56.88,50.03
20260924,8040,49.35,44.68
20260924,8042,63.9,57.22
20260924,8043,40.06,37.54
20260924,8044,60.64,56.03
20260924,8045,65.94,55.75
20260924,8046,84.75,80.2
20260924,8047,82.50999999999999,74.69
20260924,8048,40.11,28.07
20260924,8049,33.42,27.21
20260924,8050,43.5,36.73
20260924,8051,0.0,0.0
20260924,8052,0.0,0.0
20260924,8053,85.44,80.37
20260924,8054,34.62,28.43
20260924,8055,0.0,0.0
20260924,8056,60.660000000000004,53.99
20260924,8057,67.07,67.07
20260924,8058,67.45,50.34
20260924,8059,71.55,67.57
20260924,8060,49.68,34.07
20260924,8061,25.89,0.0
20260924,8062,0.0,0.0
20260924,8064,48.29,40.94
20260924,8065,37.58,0.0
20260924,8066,38.07,20.04
20260924,8067,81.35,56.73
20260924,8068,61.39,58.67
20260924,8069,74.05,66.2
20260924,8070,73.84,69.95
20260924,8071,32.97,22.86
20260924,8072,60.16,57.87
20260924,8073,0.0,0.0
20260924,8074,39.14,29.43
20260924,8076,34.08,25.19
20260924,8077,82.07,76.8
20260924,8080,84.74,82.53
20260924,8081,37.36,23.72
20260924,8082,71.71,62.9
20260924,8083,54.21,44.1
20260924,8084,57.28,47.05
20260924,8085,41.47,30.13
20260924,8086,44.4,37.65
20260924,8087,57.36,41.04
20260924,8088,17.29,16.57
20260924,8089,40.870000000000005,37.95
20260924,8091,46.55,31.82
20260924,8092,60.86,41.1
20260924,8093,67.55,64.0
20260924,8094,43.019999999999996,11.96
20260924,8095,51.29,18.1
20260924,8096,40.330000000000005,34.84
20260924,8097,71.77000000000001,61.52
20260924,8098,57.120000000000005,33.14
20260924,8099,81.75,76.66
20260924,8101,81.4,80.45
20260924,8102,38.9,24.43
20260924,8103,46.0,27.56
20260924,8104,33.81,30.38
20260924,8105,63.57,60.46
20260924,8106,60.81999999999999,27.88
20260924,8107,53.92,44.42
20260924,8108,0.0,0.0
20260924,8109,54.0,34.87
20260924,8110,48.68,45.33
20260924,8111,36.25,25.55
20260924,8112,35.93,31.62
20260924,8114,46.900000000000006,32.42
20260924,8115,86.41,78.23
20260924,8119,46.709999999999994,27.56
20260924,8121,61.230000000000004,54.31
20260924,8122,93.10000000000001,92.23
20260924,8127,7.67,0.0
20260924,8130,70.92,59.07
20260924,8131,70.46000000000001,68.04
20260924,8143,0.0,0.0
20260924,8147,44.1,32.52
20260924,8150,67.66,60.71
20260924,8152,100.0,100.0
20260924,8155,45.39,35.59
20260924,8157,78.63000000000001,73.65
20260924,8162,73.98,61.84
20260924,8163,45.06,39.81
20260924,8171,61.15,52.33
20260924,8172,0.0,0.0
20260924,8176,33.32,22.19
20260924,8182,67.15,63.78
20260924,8183,48.33,42.33
20260924,8197,84.91,83.38
20260924,8201,58.160000000000004,45.88
20260924,8204,0.0,0.0
20260924,8210,64.97,57.32
20260924,8213,50.51,39.79
20260924,8215,53.59,50.67
20260924,8218,0.0,0.0
20260924,8219,0.0,0.0
20260924,8221,0.0,0.0
20260924,8222,36.23,31.52
20260924,8225,79.64999999999999,73.02
20260924,8227,38.160000000000004,22.17
20260924,8234,54.94,46.69
20260924,8240,54.480000000000004,48.06
20260924,8249,57.82,53.5
20260924,8255,51.57,46.76
20260924,8259,0.0,0.0
20260924,8261,44.12,38.33
20260924,8264,0.0,0.0
20260924,8271,40.93,34.99
20260924,8272,38.04,25.15
20260924,8276,48.36,33.84
20260924,8277,15.9,13.48
20260924,8279,60.23,52.51
20260924,8281,44.49,34.88
20260924,8284,64.4,48.12
20260924,8286,0.0,0.0
20260924,8287,70.24,70.24
20260924,8289,44.650000000000006,33.74
20260924,8291,71.89,71.89
20260924,8297,92.95,92.95
20260924,8298,81.42,81.42
20260924,8299,39.55,29.18
20260924,8307,99.42,97.93
20260924,8325,0.0,0.0
20260924,8329,91.0,87.39
20260924,8341,48.64,46.58
20260924,8342,72.33,66.31
20260924,8345,83.43,73.22
20260924,8349,71.35,67.35
20260924,8351,72.53999999999999,70.91
20260924,8354,65.52000000000001,49.52
20260924,8358,35.41,27.61
20260924,8359,83.33999999999999,79.49
20260924,8361,0.0,0.0
20260924,8367,70.66,61.38
20260924,8374,71.41,68.36
20260924,8375,77.08,40.34
20260924,8380,19.46,0.0
20260924,8382,66.04,56.95
20260924,8383,52.08,43.91
20260924,8390,45.980000000000004,39.64
20260924,8391,100.0,100.0
20260924,8401,63.2,54.53
20260924,8403,38.339999999999996,32.26
20260924,8404,78.91999999999999,73.21
20260924,8409,48.769999999999996,38.73
20260924,8410,56.95,50.7
20260924,8411,82.05,79.49
20260924,8415,93.11999999999999,89.52
20260924,8416,77.13,77.13
20260924,8419,53.22,40.55
20260924,8421,64.8,58.74
20260924,8422,38.0,34.14
20260924,8423,63.660000000000004,54.59
20260924,8424,60.57000000000001,50.7
20260924,8426,74.92,70.26
20260924,8427,0.0,0.0
20260924,8429,42.24,38.11
20260924,8431,33.4,18.55
20260924,8432,61.56,56.47
20260924,8433,66.8,60.43
20260924,8435,41.14,20.64
20260924,8436,35.67,26.31
20260924,8437,41.879999999999995,28.08
20260924,8438,79.06,67.17
20260924,8440,32.68,29.05
20260924,8442,71.69,61.44
20260924,8443,69.59,60.37
20260924,8444,85.93,77.61
20260924,8446,51.3,42.94
20260924,8450,58.33,56.66
20260924,8452,100.0,100.0
20260924,8454,81.35,79.33
20260924,8455,89.89999999999999,87.77
20260924,8458,73.63,48.85
20260924,8462,65.65,58.99
20260924,8463,82.45,76.83
20260924,8464,87.02,77.8
20260924,8465,58.22,41.56
20260924,8466,77.09,67.5
20260924,8467,81.99,73.86
20260924,8472,63.04,55.75
20260924,8473,66.16,63.75
20260924,8475,100.0,100.0
20260924,8476,72.19,62.22
20260924,8477,83.50999999999999,81.6
20260924,8478,75.66,75.66
20260924,8479,62.089999999999996,41.51
20260924,8481,66.51,53.63
20260924,8482,95.14,90.26
20260924,8485,96.18,0.0
20260924,8487,55.94,46.05
20260924,8488,86.84,80.22
20260924,8489,56.83,46.07
20260924,8490,45.75,29.07
20260924,8491,0.0,0.0
20260924,8492,92.97,88.34
20260924,8495,92.59,91.06
20260924,8496,87.42999999999999,84.71
20260924,8499,79.87,72.65
20260924,8707,0.0,0.0
20260924,8708,43.760000000000005,36.7
20260924,8710,29.02,18.25
20260924,8712,76.16,63.8
20260924,8718,35.42,28.35
20260924,8719,86.78,79.46
20260924,8720,56.97,47.39
20260924,8721,0.0,0.0
20260924,8722,62.760000000000005,56.92
20260924,8723,50.72,41.3
20260924,8724,40.7,33.65
20260924,8725,32.37,25.29
20260924,8905,92.63,89.63
20260924,8906,56.39,49.92
20260924,8908,89.16000000000001,85.98
20260924,8916,66.03999999999999,59.26
20260924,8917,82.64,66.25
20260924,8921,85.56,63.01
20260924,8923,82.32,74.55
20260924,8924,38.8,29.73
20260924,8925,41.31,27.53
20260924,8926,56.96,51.76
20260924,8927,83.7,74.84
20260924,8928,49.14,35.67
20260924,8929,45.67,39.18
20260924,8930,69.12,58.05
20260924,8931,82.00999999999999,78.19
20260924,8932,78.9,74.09
20260924,8933,52.83,47.69
20260924,8934,94.77,94.77
20260924,8935,51.260000000000005,42.46
20260924,8936,31.68,23.53
20260924,8937,90.89,88.25
20260924,8938,57.77,46.02
20260924,8940,70.71,62.44
20260924,8941,66.7,44.31
20260924,8942,51.31,41.67
20260924,8945,0.0,0.0
20260924,8977,96.97,94.48
20260924,8996,51.66,27.2
20260924,8999,63.91,18.91
20260924,9103,11.719999999999999,4.08
20260924,9105,26.56,16.49
20260924,9110,43.8,21.58
20260924,9136,67.58,61.0
20260924,9801,69.33999999999999,66.07
20260924,9802,63.540000000000006,54.24
20260924,9902,57.17,51.32
20260924,9904,68.01,62.93
20260924,9905,74.3,71.92
20260924,9906,78.74,74.97
20260924,9907,74.63,70.46
20260924,9908,80.57,74.71
20260924,9910,88.96000000000001,86.84
20260924,9911,67.19,61.07
20260924,9912,62.809999999999995,54.91
20260924,9914,64.78999999999999,54.08
20260924,9917,76.92,70.45
20260924,9918,85.05,77.2
20260924,9919,45.38999999999999,42.41
20260924,9921,69.52000000000001,59.99
20260924,9922,69.34,59.04
20260924,9924,61.129999999999995,52.66
20260924,9925,68.17,61.4
20260924,9926,83.81,73.65
20260924,9927,58.89,52.67
20260924,9928,75.17999999999999,67.16
20260924,9929,88.10000000000001,83.95
20260924,9930,77.67,76.44
20260924,9931,78.02,73.39
20260924,9933,62.86,56.77
20260924,9934,66.62,59.08
20260924,9935,61.75,50.03
20260924,9936,29.08,20.09
20260924,9937,89.18,82.15
20260924,9938,52.93,44.69
20260924,9939,62.33,52.94
20260924,9940,81.61,77.92
20260924,9941,70.62,67.11
20260924,9942,51.730000000000004,39.07
20260924,9943,71.10000000000001,69.48
20260924,9944,78.82,66.16
20260924,9945,66.36,62.1
20260924,9946,81.91000000000001,78.4
20260924,9947,0.0,0.0
20260924,9948,0.0,0.0
20260924,9949,73.0,54.92
20260924,9950,83.89999999999999,81.02
20260924,9951,46.5,39.25
20260924,9952,0.0,0.0
20260924,9953,0.0,0.0
20260924,9955,61.510000000000005,55.34
20260924,9956,0.0,0.0
20260924,9957,96.06,95.5
20260924,9958,49.16,41.54
20260924,9959,0.0,0.0
20260924,9960,77.78,56.82
20260924,9961,93.39,89.73
20260924,9962,46.7,40.06
20260924,9963,100.0,100.0
20260924,9964,100.0,100.0
20260924,9965,0.0,0.0
